,year,month,day,weight,flag,station,co2
0,1958,3,29,4,0,MLO,316.1
1,1958,4,5,6,0,MLO,317.3
2,1958,4,12,4,0,MLO,317.6
3,1958,4,19,6,0,MLO,317.5
4,1958,4,26,2,0,MLO,316.4
5,1958,5,3,6,0,MLO,316.9
6,1958,5,17,1,0,MLO,317.5
7,1958,5,24,5,0,MLO,317.9
8,1958,7,5,2,0,MLO,315.8
9,1958,7,12,4,0,MLO,315.8
10,1958,7,19,4,0,MLO,315.4
11,1958,7,26,7,0,MLO,315.5
12,1958,8,2,3,0,MLO,315.6
13,1958,8,9,4,0,MLO,315.1
14,1958,8,16,3,0,MLO,315.0
15,1958,8,30,5,0,MLO,314.1
16,1958,9,6,1,0,MLO,313.5
17,1958,11,8,4,0,MLO,313.0
18,1958,11,15,7,0,MLO,313.2
19,1958,11,22,5,0,MLO,313.5
20,1958,11,29,7,0,MLO,314.0
21,1958,12,6,6,0,MLO,314.5
22,1958,12,13,7,0,MLO,314.4
23,1958,12,20,4,0,MLO,314.7
24,1958,12,27,2,0,MLO,315.2
25,1959,1,3,3,0,MLO,315.2
26,1959,1,10,7,0,MLO,315.5
27,1959,1,17,7,0,MLO,315.6
28,1959,1,24,5,0,MLO,315.8
29,1959,1,31,2,0,MLO,315.4
30,1959,2,14,1,0,MLO,316.9
31,1959,2,21,7,0,MLO,316.6
32,1959,2,28,3,0,MLO,316.6
33,1959,3,7,7,0,MLO,316.8
34,1959,3,21,4,0,MLO,316.7
35,1959,3,28,6,0,MLO,316.7
36,1959,4,4,7,0,MLO,317.7
37,1959,4,11,7,0,MLO,317.1
38,1959,4,18,6,0,MLO,317.6
39,1959,4,25,5,0,MLO,318.3
40,1959,5,2,3,0,MLO,318.2
41,1959,5,9,1,0,MLO,318.7
42,1959,5,16,7,0,MLO,318.0
43,1959,5,23,5,0,MLO,318.4
44,1959,6,6,7,0,MLO,318.5
45,1959,6,13,5,0,MLO,318.1
46,1959,6,20,5,0,MLO,317.8
47,1959,6,27,2,0,MLO,317.7
48,1959,7,4,7,0,MLO,316.8
49,1959,7,11,7,0,MLO,316.8
50,1959,7,18,5,0,MLO,316.4
51,1959,7,25,4,0,MLO,316.1
52,1959,8,1,7,0,MLO,315.6
53,1959,8,8,3,0,MLO,314.9
54,1959,8,22,1,0,MLO,315.0
55,1959,8,29,4,0,MLO,314.1
56,1959,9,5,5,0,MLO,314.4
57,1959,9,12,3,0,MLO,313.9
58,1959,9,19,5,0,MLO,313.5
59,1959,9,26,4,0,MLO,313.5
60,1959,10,3,6,0,MLO,313.0
61,1959,10,10,3,0,MLO,313.1
62,1959,10,17,7,0,MLO,313.4
63,1959,10,24,7,0,MLO,313.4
64,1959,10,31,7,0,MLO,314.1
65,1959,11,7,2,0,MLO,314.4
66,1959,11,14,5,0,MLO,314.8
67,1959,11,21,6,0,MLO,315.2
68,1959,11,28,5,0,MLO,315.1
69,1959,12,5,4,0,MLO,315.0
70,1959,12,12,5,0,MLO,315.6
71,1959,12,19,6,0,MLO,315.8
72,1959,12,26,6,0,MLO,315.7
73,1960,1,2,4,0,MLO,315.7
74,1960,1,9,5,0,MLO,316.4
75,1960,1,16,6,0,MLO,316.7
76,1960,1,23,5,0,MLO,316.5
77,1960,1,30,6,0,MLO,316.6
78,1960,2,6,2,0,MLO,316.6
79,1960,2,13,6,0,MLO,316.9
80,1960,2,20,4,0,MLO,317.4
81,1960,2,27,5,0,MLO,317.0
82,1960,3,5,7,0,MLO,316.9
83,1960,3,12,7,0,MLO,317.7
84,1960,3,19,4,0,MLO,318.0
85,1960,3,26,6,0,MLO,317.7
86,1960,4,2,5,0,MLO,318.6
87,1960,4,9,3,0,MLO,319.3
88,1960,4,16,7,0,MLO,319.0
89,1960,4,23,7,0,MLO,319.0
90,1960,4,30,1,0,MLO,319.7
91,1960,5,7,6,0,MLO,319.9
92,1960,5,14,5,0,MLO,319.8
93,1960,5,21,6,0,MLO,320.0
94,1960,5,28,7,0,MLO,320.0
95,1960,6,4,3,0,MLO,319.4
96,1960,6,11,5,0,MLO,320.0
97,1960,6,18,3,0,MLO,319.4
98,1960,6,25,2,0,MLO,319.0
99,1960,7,2,5,0,MLO,318.1
100,1960,7,9,4,0,MLO,318.6
101,1960,7,16,5,0,MLO,318.4
102,1960,7,23,6,0,MLO,317.9
103,1960,7,30,5,0,MLO,317.3
104,1960,8,6,3,0,MLO,316.6
105,1960,8,13,6,0,MLO,316.7
106,1960,8,20,5,0,MLO,315.1
107,1960,8,27,5,0,MLO,314.7
108,1960,9,3,7,0,MLO,314.7
109,1960,9,10,7,0,MLO,314.5
110,1960,9,17,6,0,MLO,314.2
111,1960,9,24,5,0,MLO,313.3
112,1960,10,1,2,0,MLO,313.6
113,1960,10,8,4,0,MLO,313.3
114,1960,10,15,5,0,MLO,313.9
115,1960,10,22,6,0,MLO,314.2
116,1960,10,29,3,0,MLO,314.2
117,1960,11,5,7,0,MLO,314.5
118,1960,11,12,6,0,MLO,315.1
119,1960,11,19,7,0,MLO,315.1
120,1960,11,26,7,0,MLO,315.4
121,1960,12,3,5,0,MLO,315.8
122,1960,12,10,7,0,MLO,316.0
123,1960,12,17,7,0,MLO,316.2
124,1960,12,24,5,0,MLO,316.4
125,1960,12,31,7,0,MLO,316.6
126,1961,1,7,6,0,MLO,316.7
127,1961,1,14,7,0,MLO,317.0
128,1961,1,21,7,0,MLO,317.0
129,1961,1,28,7,0,MLO,317.0
130,1961,2,4,6,0,MLO,317.0
131,1961,2,11,6,0,MLO,317.7
132,1961,2,18,7,0,MLO,317.9
133,1961,2,25,7,0,MLO,318.0
134,1961,3,4,5,0,MLO,318.0
135,1961,3,11,4,0,MLO,318.5
136,1961,3,18,6,0,MLO,318.9
137,1961,3,25,7,0,MLO,318.7
138,1961,4,1,7,0,MLO,319.4
139,1961,4,8,6,0,MLO,319.5
140,1961,4,15,7,0,MLO,318.9
141,1961,4,22,6,0,MLO,319.7
142,1961,4,29,6,0,MLO,319.6
143,1961,5,6,7,0,MLO,320.6
144,1961,5,13,3,0,MLO,320.4
145,1961,5,20,6,0,MLO,320.6
146,1961,5,27,7,0,MLO,320.3
147,1961,6,3,6,0,MLO,320.0
148,1961,6,10,5,0,MLO,320.0
149,1961,6,17,7,0,MLO,319.6
150,1961,6,24,6,0,MLO,319.4
151,1961,7,1,5,0,MLO,319.2
152,1961,7,8,6,0,MLO,319.0
153,1961,7,15,5,0,MLO,318.4
154,1961,7,22,1,0,MLO,317.1
155,1961,7,29,3,0,MLO,317.9
156,1961,8,5,7,0,MLO,317.9
157,1961,8,12,2,0,MLO,317.3
158,1961,8,19,5,0,MLO,316.7
159,1961,8,26,6,0,MLO,315.2
160,1961,9,2,5,0,MLO,315.2
161,1961,9,9,5,0,MLO,314.9
162,1961,9,16,5,0,MLO,314.5
163,1961,9,23,4,0,MLO,315.0
164,1961,9,30,4,0,MLO,315.6
165,1961,10,7,5,0,MLO,314.9
166,1961,10,14,7,0,MLO,315.4
167,1961,10,21,7,0,MLO,315.4
168,1961,10,28,6,0,MLO,315.7
169,1961,11,4,6,0,MLO,315.8
170,1961,11,11,5,0,MLO,315.7
171,1961,11,18,7,0,MLO,316.2
172,1961,11,25,6,0,MLO,316.5
173,1961,12,2,5,0,MLO,316.5
174,1961,12,9,5,0,MLO,317.0
175,1961,12,16,6,0,MLO,316.9
176,1961,12,23,3,0,MLO,317.1
177,1961,12,30,7,0,MLO,317.4
178,1962,1,6,5,0,MLO,317.9
179,1962,1,13,7,0,MLO,318.1
180,1962,1,20,5,0,MLO,318.0
181,1962,1,27,7,0,MLO,317.7
182,1962,2,3,7,0,MLO,318.0
183,1962,2,10,4,0,MLO,318.3
184,1962,2,17,4,0,MLO,318.9
185,1962,2,24,1,0,MLO,319.3
186,1962,3,3,6,0,MLO,319.2
187,1962,3,10,6,0,MLO,319.4
188,1962,3,17,7,0,MLO,319.9
189,1962,3,24,4,0,MLO,319.7
190,1962,3,31,5,0,MLO,320.2
191,1962,4,7,3,0,MLO,320.2
192,1962,4,14,6,0,MLO,321.0
193,1962,4,21,2,0,MLO,320.7
194,1962,4,28,5,0,MLO,320.3
195,1962,5,5,4,0,MLO,320.8
196,1962,5,12,5,0,MLO,320.7
197,1962,5,19,5,0,MLO,321.0
198,1962,5,26,5,0,MLO,321.1
199,1962,6,2,6,0,MLO,320.9
200,1962,6,9,5,0,MLO,320.8
201,1962,6,16,6,0,MLO,320.5
202,1962,6,23,6,0,MLO,320.1
203,1962,6,30,7,0,MLO,320.2
204,1962,7,7,6,0,MLO,320.1
205,1962,7,14,3,0,MLO,319.9
206,1962,7,21,2,0,MLO,319.0
207,1962,7,28,7,0,MLO,318.7
208,1962,8,4,3,0,MLO,318.6
209,1962,8,11,6,0,MLO,317.2
210,1962,8,18,3,0,MLO,317.4
211,1962,9,15,5,0,MLO,316.6
212,1962,9,22,4,0,MLO,315.7
213,1962,9,29,7,0,MLO,315.9
214,1962,10,6,5,0,MLO,315.1
215,1962,10,13,4,0,MLO,315.4
216,1962,10,20,5,0,MLO,315.7
217,1962,10,27,5,0,MLO,315.7
218,1962,11,3,5,0,MLO,315.9
219,1962,11,10,6,0,MLO,316.4
220,1962,11,17,7,0,MLO,316.9
221,1962,11,24,7,0,MLO,317.0
222,1962,12,1,7,0,MLO,317.1
223,1962,12,8,5,0,MLO,317.3
224,1962,12,15,7,0,MLO,317.6
225,1962,12,22,4,0,MLO,318.1
226,1963,1,5,5,0,MLO,318.5
227,1963,1,12,7,0,MLO,318.7
228,1963,1,19,7,0,MLO,318.9
229,1963,1,26,7,0,MLO,318.8
230,1963,2,2,7,0,MLO,318.7
231,1963,2,9,7,0,MLO,318.9
232,1963,2,23,2,0,MLO,319.3
233,1963,3,2,5,0,MLO,319.3
234,1963,3,9,6,0,MLO,319.7
235,1963,3,16,5,0,MLO,319.8
236,1963,3,23,7,0,MLO,320.3
237,1963,3,30,5,0,MLO,320.2
238,1963,4,6,3,0,MLO,320.3
239,1963,4,13,6,0,MLO,320.9
240,1963,4,20,6,0,MLO,322.0
241,1963,4,27,6,0,MLO,321.9
242,1963,5,11,3,0,MLO,321.9
243,1963,5,18,5,0,MLO,322.2
244,1963,5,25,6,0,MLO,322.2
245,1963,6,1,3,0,MLO,322.3
246,1963,6,8,2,0,MLO,322.0
247,1963,6,15,6,0,MLO,321.8
248,1963,6,22,4,0,MLO,320.8
249,1963,6,29,7,0,MLO,320.4
250,1963,7,6,7,0,MLO,320.1
251,1963,7,13,5,0,MLO,319.8
252,1963,7,20,7,0,MLO,319.5
253,1963,7,27,6,0,MLO,319.0
254,1963,8,3,3,0,MLO,318.6
255,1963,8,10,7,0,MLO,318.2
256,1963,8,17,3,0,MLO,317.7
257,1963,8,24,7,0,MLO,317.1
258,1963,8,31,3,0,MLO,316.4
259,1963,9,7,7,0,MLO,316.8
260,1963,9,14,7,0,MLO,315.9
261,1963,9,21,5,0,MLO,316.0
262,1963,9,28,4,0,MLO,315.9
263,1963,10,5,3,0,MLO,316.2
264,1963,10,12,7,0,MLO,315.6
265,1963,10,19,6,0,MLO,316.1
266,1963,10,26,7,0,MLO,316.3
267,1963,11,2,4,0,MLO,316.6
268,1963,11,9,6,0,MLO,316.8
269,1963,11,16,1,0,MLO,317.1
270,1963,11,30,5,0,MLO,317.5
271,1963,12,7,6,0,MLO,318.0
272,1963,12,14,4,0,MLO,318.2
273,1963,12,21,7,0,MLO,318.5
274,1963,12,28,7,0,MLO,318.7
275,1964,1,4,6,0,MLO,319.0
276,1964,1,11,6,0,MLO,319.4
277,1964,1,18,6,0,MLO,319.8
278,1964,5,30,2,0,MLO,322.0
279,1964,6,6,4,0,MLO,322.0
280,1964,6,27,3,0,MLO,321.5
281,1964,7,4,4,0,MLO,321.1
282,1964,7,11,2,0,MLO,319.9
283,1964,7,18,7,0,MLO,320.2
284,1964,7,25,5,0,MLO,320.0
285,1964,8,1,2,0,MLO,319.1
286,1964,8,15,4,0,MLO,318.6
287,1964,8,22,6,0,MLO,318.2
288,1964,8,29,5,0,MLO,318.1
289,1964,9,5,5,0,MLO,317.4
290,1964,9,12,4,0,MLO,316.5
291,1964,9,19,2,0,MLO,315.5
292,1964,9,26,2,0,MLO,317.0
293,1964,10,3,4,0,MLO,316.9
294,1964,10,10,7,0,MLO,316.5
295,1964,10,17,7,0,MLO,316.8
296,1964,10,24,2,0,MLO,317.0
297,1964,10,31,6,0,MLO,317.6
298,1964,11,7,7,0,MLO,317.7
299,1964,11,14,7,0,MLO,317.6
300,1964,11,21,6,0,MLO,317.5
301,1964,11,28,6,0,MLO,318.1
302,1964,12,5,6,0,MLO,318.4
303,1964,12,12,7,0,MLO,318.5
304,1964,12,19,7,0,MLO,318.9
305,1964,12,26,6,0,MLO,318.9
306,1965,1,2,5,0,MLO,319.0
307,1965,1,9,7,0,MLO,319.1
308,1965,1,16,7,0,MLO,319.1
309,1965,1,23,4,0,MLO,319.7
310,1965,1,30,7,0,MLO,320.1
311,1965,2,6,7,0,MLO,320.2
312,1965,2,13,7,0,MLO,320.1
313,1965,2,20,7,0,MLO,320.7
314,1965,2,27,6,0,MLO,320.8
315,1965,3,6,5,0,MLO,321.0
316,1965,3,13,7,0,MLO,320.9
317,1965,3,20,7,0,MLO,320.4
318,1965,3,27,7,0,MLO,321.4
319,1965,4,3,7,0,MLO,321.9
320,1965,4,10,4,0,MLO,322.2
321,1965,4,17,7,0,MLO,322.1
322,1965,4,24,5,0,MLO,321.8
323,1965,5,1,7,0,MLO,322.4
324,1965,5,8,6,0,MLO,322.2
325,1965,5,15,7,0,MLO,321.9
326,1965,5,22,7,0,MLO,321.6
327,1965,5,29,5,0,MLO,322.2
328,1965,6,5,7,0,MLO,321.8
329,1965,6,12,7,0,MLO,321.7
330,1965,6,19,7,0,MLO,321.7
331,1965,6,26,6,0,MLO,321.9
332,1965,7,3,7,0,MLO,321.9
333,1965,7,10,6,0,MLO,321.8
334,1965,7,17,3,0,MLO,321.7
335,1965,7,24,6,0,MLO,320.4
336,1965,7,31,5,0,MLO,319.4
337,1965,8,7,7,0,MLO,319.4
338,1965,8,14,5,0,MLO,318.0
339,1965,8,21,6,0,MLO,318.8
340,1965,8,28,3,0,MLO,318.7
341,1965,9,4,7,0,MLO,318.3
342,1965,9,11,4,0,MLO,318.0
343,1965,9,18,6,0,MLO,318.2
344,1965,9,25,6,0,MLO,316.8
345,1965,10,2,6,0,MLO,316.6
346,1965,10,9,7,0,MLO,317.2
347,1965,10,16,7,0,MLO,317.8
348,1965,10,23,7,0,MLO,317.5
349,1965,10,30,7,0,MLO,317.6
350,1965,11,6,7,0,MLO,318.3
351,1965,11,13,7,0,MLO,319.2
352,1965,11,20,7,0,MLO,318.9
353,1965,11,27,7,0,MLO,319.1
354,1965,12,4,7,0,MLO,319.0
355,1965,12,11,5,0,MLO,319.3
356,1965,12,18,6,0,MLO,319.3
357,1965,12,25,6,0,MLO,319.7
358,1966,1,1,7,0,MLO,319.6
359,1966,1,8,7,0,MLO,320.4
360,1966,1,15,7,0,MLO,320.6
361,1966,1,22,7,0,MLO,321.0
362,1966,1,29,7,0,MLO,321.1
363,1966,2,5,7,0,MLO,321.2
364,1966,2,12,6,0,MLO,321.7
365,1966,2,19,7,0,MLO,321.6
366,1966,2,26,7,0,MLO,321.8
367,1966,3,5,4,0,MLO,322.1
368,1966,3,12,5,0,MLO,322.1
369,1966,3,19,6,0,MLO,322.5
370,1966,3,26,5,0,MLO,322.8
371,1966,4,2,7,0,MLO,323.5
372,1966,4,9,3,0,MLO,323.6
373,1966,4,16,7,0,MLO,323.8
374,1966,4,23,4,0,MLO,323.9
375,1966,4,30,6,0,MLO,323.5
376,1966,5,7,6,0,MLO,324.0
377,1966,5,14,7,0,MLO,324.1
378,1966,5,21,7,0,MLO,323.7
379,1966,5,28,7,0,MLO,324.3
380,1966,6,4,7,0,MLO,324.0
381,1966,6,11,7,0,MLO,323.8
382,1966,6,18,7,0,MLO,323.7
383,1966,6,25,6,0,MLO,323.3
384,1966,7,2,5,0,MLO,322.8
385,1966,7,9,6,0,MLO,322.9
386,1966,8,6,4,0,MLO,321.3
387,1966,8,13,3,0,MLO,320.8
388,1966,8,20,3,0,MLO,319.1
389,1966,8,27,7,0,MLO,319.6
390,1966,9,3,4,0,MLO,319.9
391,1966,9,10,3,0,MLO,318.2
392,1966,9,17,7,0,MLO,318.4
393,1966,9,24,5,0,MLO,318.3
394,1966,10,1,6,0,MLO,317.9
395,1966,10,8,7,0,MLO,317.9
396,1966,10,15,4,0,MLO,318.2
397,1966,10,22,4,0,MLO,318.6
398,1966,10,29,6,0,MLO,318.3
399,1966,11,12,4,0,MLO,319.5
400,1966,11,19,5,0,MLO,320.0
401,1966,11,26,6,0,MLO,320.2
402,1966,12,3,3,0,MLO,320.8
403,1966,12,10,7,0,MLO,320.8
404,1966,12,17,5,0,MLO,321.1
405,1966,12,24,4,0,MLO,321.3
406,1966,12,31,7,0,MLO,321.3
407,1967,1,7,6,0,MLO,321.9
408,1967,1,14,2,0,MLO,322.9
409,1967,2,4,5,0,MLO,322.1
410,1967,2,11,5,0,MLO,322.2
411,1967,2,18,6,0,MLO,322.8
412,1967,2,25,4,0,MLO,322.6
413,1967,3,4,6,0,MLO,322.9
414,1967,3,11,6,0,MLO,322.6
415,1967,3,18,4,0,MLO,323.3
416,1967,3,25,2,0,MLO,323.2
417,1967,4,1,3,0,MLO,323.1
418,1967,4,8,7,0,MLO,324.2
419,1967,4,15,5,0,MLO,324.4
420,1967,4,22,3,0,MLO,324.6
421,1967,4,29,6,0,MLO,325.1
422,1967,5,6,1,0,MLO,325.2
423,1967,5,13,5,0,MLO,324.7
424,1967,5,20,5,0,MLO,325.0
425,1967,5,27,5,0,MLO,324.9
426,1967,6,3,4,0,MLO,324.9
427,1967,6,10,6,0,MLO,324.6
428,1967,6,17,4,0,MLO,323.3
429,1967,6,24,6,0,MLO,323.5
430,1967,7,1,6,0,MLO,322.8
431,1967,7,8,7,0,MLO,322.8
432,1967,7,15,5,0,MLO,322.4
433,1967,7,22,5,0,MLO,322.4
434,1967,7,29,6,0,MLO,322.0
435,1967,8,5,7,0,MLO,321.6
436,1967,8,12,5,0,MLO,321.4
437,1967,8,19,5,0,MLO,320.4
438,1967,8,26,5,0,MLO,320.0
439,1967,9,2,4,0,MLO,320.0
440,1967,9,9,6,0,MLO,319.4
441,1967,9,16,7,0,MLO,319.3
442,1967,9,23,7,0,MLO,319.0
443,1967,9,30,7,0,MLO,318.8
444,1967,10,7,7,0,MLO,318.8
445,1967,10,14,6,0,MLO,319.8
446,1967,10,21,7,0,MLO,319.4
447,1967,10,28,7,0,MLO,319.8
448,1967,11,4,7,0,MLO,320.0
449,1967,11,11,7,0,MLO,320.3
450,1967,11,18,7,0,MLO,320.9
451,1967,11,25,7,0,MLO,321.5
452,1967,12,2,7,0,MLO,321.4
453,1967,12,9,7,0,MLO,321.8
454,1967,12,16,7,0,MLO,322.2
455,1967,12,23,7,0,MLO,321.9
456,1967,12,30,7,0,MLO,322.3
457,1968,1,6,7,0,MLO,322.4
458,1968,1,13,7,0,MLO,322.5
459,1968,1,20,6,0,MLO,322.5
460,1968,1,27,7,0,MLO,322.8
461,1968,2,3,7,0,MLO,322.6
462,1968,2,10,7,0,MLO,323.1
463,1968,2,17,7,0,MLO,323.4
464,1968,2,24,7,0,MLO,323.1
465,1968,3,2,6,0,MLO,323.1
466,1968,3,9,4,0,MLO,323.8
467,1968,3,16,6,0,MLO,323.8
468,1968,3,23,6,0,MLO,324.2
469,1968,3,30,5,0,MLO,324.7
470,1968,4,6,7,0,MLO,324.7
471,1968,4,13,6,0,MLO,325.0
472,1968,4,20,5,0,MLO,324.8
473,1968,4,27,7,0,MLO,325.4
474,1968,5,4,7,0,MLO,325.6
475,1968,5,11,7,0,MLO,325.0
476,1968,5,18,6,0,MLO,325.5
477,1968,5,25,7,0,MLO,325.8
478,1968,6,1,5,0,MLO,325.6
479,1968,6,8,7,0,MLO,325.7
480,1968,6,15,4,0,MLO,325.5
481,1968,6,22,4,0,MLO,324.9
482,1968,6,29,5,0,MLO,324.6
483,1968,7,6,6,0,MLO,324.7
484,1968,7,13,7,0,MLO,324.1
485,1968,7,20,7,0,MLO,323.9
486,1968,7,27,7,0,MLO,323.4
487,1968,8,3,5,0,MLO,322.4
488,1968,8,10,5,0,MLO,322.2
489,1968,8,17,3,0,MLO,322.0
490,1968,8,24,6,0,MLO,321.7
491,1968,8,31,6,0,MLO,321.4
492,1968,9,7,7,0,MLO,320.4
493,1968,9,14,7,0,MLO,321.1
494,1968,9,21,7,0,MLO,319.7
495,1968,9,28,7,0,MLO,319.8
496,1968,10,5,7,0,MLO,320.5
497,1968,10,12,6,0,MLO,320.5
498,1968,10,19,7,0,MLO,320.2
499,1968,10,26,7,0,MLO,319.9
500,1968,11,2,5,0,MLO,320.7
501,1968,11,9,7,0,MLO,320.8
502,1968,11,16,7,0,MLO,321.4
503,1968,11,23,7,0,MLO,321.7
504,1968,11,30,6,0,MLO,322.0
505,1968,12,7,4,0,MLO,322.4
506,1968,12,14,7,0,MLO,322.9
507,1968,12,21,5,0,MLO,323.3
508,1968,12,28,6,0,MLO,323.1
509,1969,1,4,6,0,MLO,323.3
510,1969,1,11,6,0,MLO,324.0
511,1969,1,18,6,0,MLO,324.3
512,1969,1,25,7,0,MLO,324.1
513,1969,2,1,7,0,MLO,324.1
514,1969,2,8,5,0,MLO,323.9
515,1969,2,15,5,0,MLO,324.3
516,1969,2,22,5,0,MLO,324.8
517,1969,3,1,7,0,MLO,325.1
518,1969,3,8,7,0,MLO,325.5
519,1969,3,15,7,0,MLO,325.7
520,1969,3,22,6,0,MLO,325.9
521,1969,3,29,7,0,MLO,325.8
522,1969,4,5,7,0,MLO,326.2
523,1969,4,12,7,0,MLO,327.1
524,1969,4,19,6,0,MLO,326.5
525,1969,4,26,6,0,MLO,326.5
526,1969,5,3,7,0,MLO,327.5
527,1969,5,10,7,0,MLO,327.8
528,1969,5,17,6,0,MLO,326.8
529,1969,5,24,7,0,MLO,326.9
530,1969,5,31,5,0,MLO,327.4
531,1969,6,7,6,0,MLO,326.5
532,1969,6,14,4,0,MLO,326.7
533,1969,6,21,5,0,MLO,326.7
534,1969,6,28,7,0,MLO,326.3
535,1969,7,5,6,0,MLO,326.1
536,1969,7,12,7,0,MLO,326.0
537,1969,7,19,6,0,MLO,325.7
538,1969,7,26,4,0,MLO,325.4
539,1969,8,2,5,0,MLO,324.5
540,1969,8,9,7,0,MLO,324.5
541,1969,8,16,7,0,MLO,323.1
542,1969,8,23,5,0,MLO,322.5
543,1969,8,30,7,0,MLO,323.1
544,1969,9,6,6,0,MLO,322.2
545,1969,9,13,6,0,MLO,322.7
546,1969,9,20,4,0,MLO,322.8
547,1969,9,27,7,0,MLO,321.9
548,1969,10,4,7,0,MLO,321.5
549,1969,10,11,7,0,MLO,321.8
550,1969,10,18,7,0,MLO,322.0
551,1969,10,25,7,0,MLO,321.9
552,1969,11,1,7,0,MLO,322.2
553,1969,11,8,7,0,MLO,322.6
554,1969,11,15,7,0,MLO,322.7
555,1969,11,22,7,0,MLO,323.1
556,1969,11,29,7,0,MLO,323.5
557,1969,12,6,7,0,MLO,323.9
558,1969,12,13,7,0,MLO,323.9
559,1969,12,20,7,0,MLO,324.2
560,1969,12,27,7,0,MLO,324.5
561,1970,1,3,7,0,MLO,324.7
562,1970,1,10,7,0,MLO,325.4
563,1970,1,17,7,0,MLO,325.0
564,1970,1,24,7,0,MLO,324.8
565,1970,1,31,7,0,MLO,325.5
566,1970,2,7,7,0,MLO,325.7
567,1970,2,14,7,0,MLO,326.0
568,1970,2,21,6,0,MLO,326.3
569,1970,2,28,7,0,MLO,326.1
570,1970,3,7,7,0,MLO,326.8
571,1970,3,14,7,0,MLO,326.8
572,1970,3,21,7,0,MLO,327.5
573,1970,3,28,7,0,MLO,326.9
574,1970,4,4,7,0,MLO,328.2
575,1970,4,11,7,0,MLO,327.8
576,1970,4,18,7,0,MLO,327.8
577,1970,4,25,7,0,MLO,328.5
578,1970,5,2,7,0,MLO,327.9
579,1970,5,9,5,0,MLO,327.5
580,1970,5,16,5,0,MLO,328.0
581,1970,5,23,7,0,MLO,328.3
582,1970,5,30,6,0,MLO,327.9
583,1970,6,6,7,0,MLO,327.5
584,1970,6,13,7,0,MLO,327.8
585,1970,6,20,7,0,MLO,327.7
586,1970,6,27,6,0,MLO,327.2
587,1970,7,4,6,0,MLO,327.2
588,1970,7,11,6,0,MLO,326.2
589,1970,7,18,6,0,MLO,326.2
590,1970,7,25,7,0,MLO,325.6
591,1970,8,1,5,0,MLO,325.2
592,1970,8,8,3,0,MLO,325.2
593,1970,8,15,6,0,MLO,324.8
594,1970,8,22,5,0,MLO,324.8
595,1970,8,29,5,0,MLO,323.3
596,1970,9,5,7,0,MLO,322.9
597,1970,9,12,4,0,MLO,323.5
598,1970,9,19,4,0,MLO,323.1
599,1970,9,26,5,0,MLO,323.1
600,1970,10,3,5,0,MLO,323.2
601,1970,10,10,6,0,MLO,323.5
602,1970,10,17,4,0,MLO,322.9
603,1970,10,24,7,0,MLO,323.0
604,1970,10,31,5,0,MLO,323.1
605,1970,11,7,7,0,MLO,323.6
606,1970,11,14,5,0,MLO,323.7
607,1970,11,21,7,0,MLO,324.2
608,1970,11,28,7,0,MLO,324.7
609,1970,12,5,7,0,MLO,324.7
610,1970,12,12,7,0,MLO,325.0
611,1970,12,19,7,0,MLO,325.2
612,1970,12,26,3,0,MLO,325.5
613,1971,1,2,6,0,MLO,325.7
614,1971,1,9,7,0,MLO,325.8
615,1971,1,16,7,0,MLO,325.9
616,1971,1,23,6,0,MLO,326.7
617,1971,1,30,7,0,MLO,326.6
618,1971,2,6,7,0,MLO,326.5
619,1971,2,13,7,0,MLO,326.4
620,1971,2,20,7,0,MLO,326.7
621,1971,2,27,7,0,MLO,327.0
622,1971,3,6,6,0,MLO,327.1
623,1971,3,13,6,0,MLO,327.3
624,1971,3,20,7,0,MLO,327.0
625,1971,3,27,7,0,MLO,327.4
626,1971,4,3,6,0,MLO,327.4
627,1971,4,10,6,0,MLO,327.1
628,1971,4,17,7,0,MLO,327.7
629,1971,4,24,7,0,MLO,328.5
630,1971,5,1,7,0,MLO,328.2
631,1971,5,8,7,0,MLO,329.0
632,1971,5,15,7,0,MLO,329.2
633,1971,5,22,7,0,MLO,328.9
634,1971,5,29,6,0,MLO,328.8
635,1971,6,5,6,0,MLO,328.5
636,1971,6,12,7,0,MLO,328.8
637,1971,6,19,7,0,MLO,328.1
638,1971,6,26,7,0,MLO,328.5
639,1971,7,3,7,0,MLO,327.9
640,1971,7,10,6,0,MLO,327.8
641,1971,7,17,7,0,MLO,327.5
642,1971,7,24,6,0,MLO,326.2
643,1971,7,31,2,0,MLO,326.7
644,1971,8,7,7,0,MLO,326.1
645,1971,8,14,2,0,MLO,325.6
646,1971,8,21,6,0,MLO,325.3
647,1971,8,28,6,0,MLO,324.0
648,1971,9,4,7,0,MLO,323.6
649,1971,9,11,7,0,MLO,323.5
650,1971,9,18,4,0,MLO,323.2
651,1971,9,25,7,0,MLO,323.3
652,1971,10,2,7,0,MLO,323.3
653,1971,10,9,1,0,MLO,322.9
654,1971,10,16,7,0,MLO,323.5
655,1971,10,23,7,0,MLO,323.6
656,1971,10,30,7,0,MLO,324.4
657,1971,11,6,7,0,MLO,324.3
658,1971,11,13,7,0,MLO,324.5
659,1971,11,20,7,0,MLO,325.0
660,1971,11,27,7,0,MLO,325.5
661,1971,12,4,7,0,MLO,325.3
662,1971,12,11,7,0,MLO,325.9
663,1971,12,18,7,0,MLO,326.2
664,1971,12,25,7,0,MLO,326.3
665,1972,1,1,6,0,MLO,326.6
666,1972,1,8,7,0,MLO,326.6
667,1972,1,15,7,0,MLO,326.6
668,1972,1,22,7,0,MLO,326.6
669,1972,1,29,7,0,MLO,327.2
670,1972,2,5,7,0,MLO,327.4
671,1972,2,12,7,0,MLO,327.9
672,1972,2,19,7,0,MLO,327.8
673,1972,2,26,7,0,MLO,327.4
674,1972,3,4,7,0,MLO,327.5
675,1972,3,11,6,0,MLO,327.1
676,1972,3,18,7,0,MLO,327.7
677,1972,3,25,4,0,MLO,328.6
678,1972,4,1,6,0,MLO,328.9
679,1972,4,8,7,0,MLO,329.4
680,1972,4,15,7,0,MLO,329.8
681,1972,4,22,7,0,MLO,330.1
682,1972,4,29,6,0,MLO,330.0
683,1972,5,6,7,0,MLO,330.0
684,1972,5,13,7,0,MLO,329.7
685,1972,5,20,7,0,MLO,330.1
686,1972,5,27,7,0,MLO,330.2
687,1972,6,3,7,0,MLO,329.7
688,1972,6,10,5,0,MLO,329.1
689,1972,6,17,7,0,MLO,329.0
690,1972,6,24,7,0,MLO,328.5
691,1972,7,1,7,0,MLO,328.6
692,1972,7,8,7,0,MLO,328.3
693,1972,7,15,7,0,MLO,327.7
694,1972,7,22,5,0,MLO,328.1
695,1972,7,29,5,0,MLO,327.5
696,1972,8,5,7,0,MLO,326.9
697,1972,8,12,7,0,MLO,326.6
698,1972,8,19,7,0,MLO,326.5
699,1972,8,26,7,0,MLO,325.0
700,1972,9,2,7,0,MLO,325.4
701,1972,9,9,7,0,MLO,325.7
702,1972,9,16,7,0,MLO,324.8
703,1972,9,23,7,0,MLO,324.2
704,1972,9,30,6,0,MLO,324.2
705,1972,10,7,6,0,MLO,324.8
706,1972,10,14,5,0,MLO,325.5
707,1972,10,21,7,0,MLO,325.1
708,1972,10,28,7,0,MLO,325.8
709,1972,11,4,7,0,MLO,326.3
710,1972,11,11,6,0,MLO,326.1
711,1972,11,18,7,0,MLO,326.4
712,1972,11,25,7,0,MLO,326.9
713,1972,12,2,7,0,MLO,326.9
714,1972,12,9,7,0,MLO,327.1
715,1972,12,16,7,0,MLO,327.6
716,1972,12,23,6,0,MLO,327.9
717,1972,12,30,7,0,MLO,328.2
718,1973,1,6,5,0,MLO,328.4
719,1973,1,13,7,0,MLO,328.4
720,1973,1,20,5,0,MLO,328.6
721,1973,1,27,7,0,MLO,328.8
722,1973,2,3,6,0,MLO,329.1
723,1973,2,10,7,0,MLO,329.5
724,1973,2,17,7,0,MLO,329.6
725,1973,2,24,7,0,MLO,329.7
726,1973,3,3,6,0,MLO,329.9
727,1973,3,10,7,0,MLO,330.1
728,1973,3,17,5,0,MLO,330.5
729,1973,3,24,4,0,MLO,330.8
730,1973,3,31,7,0,MLO,330.6
731,1973,4,7,7,0,MLO,331.2
732,1973,4,14,7,0,MLO,331.1
733,1973,4,21,6,0,MLO,331.9
734,1973,4,28,4,0,MLO,332.1
735,1973,5,5,7,0,MLO,332.2
736,1973,5,12,7,0,MLO,332.3
737,1973,5,19,7,0,MLO,332.6
738,1973,5,26,6,0,MLO,332.5
739,1973,6,2,6,0,MLO,332.2
740,1973,6,9,7,0,MLO,332.5
741,1973,6,16,7,0,MLO,332.0
742,1973,6,23,7,0,MLO,331.6
743,1973,6,30,4,0,MLO,331.4
744,1973,7,7,6,0,MLO,331.5
745,1973,7,14,5,0,MLO,331.0
746,1973,7,21,5,0,MLO,330.0
747,1973,7,28,3,0,MLO,330.1
748,1973,8,4,4,0,MLO,330.0
749,1973,8,11,5,0,MLO,329.5
750,1973,8,18,4,0,MLO,329.3
751,1973,8,25,6,0,MLO,328.5
752,1973,9,1,5,0,MLO,328.4
753,1973,9,8,5,0,MLO,327.6
754,1973,9,15,5,0,MLO,327.8
755,1973,9,22,5,0,MLO,327.1
756,1973,9,29,2,0,MLO,326.6
757,1973,10,6,7,0,MLO,327.0
758,1973,10,13,4,0,MLO,327.4
759,1973,10,20,7,0,MLO,327.4
760,1973,10,27,6,0,MLO,327.1
761,1973,11,3,4,0,MLO,327.5
762,1973,11,10,5,0,MLO,328.0
763,1973,11,17,6,0,MLO,328.2
764,1973,11,24,5,0,MLO,328.5
765,1973,12,1,6,0,MLO,329.0
766,1973,12,8,2,0,MLO,328.7
767,1973,12,15,7,0,MLO,328.6
768,1973,12,22,7,0,MLO,328.2
769,1973,12,29,5,0,MLO,328.7
770,1974,1,5,7,0,MLO,328.9
771,1974,1,12,7,0,MLO,329.2
772,1974,1,19,6,0,MLO,329.4
773,1974,1,26,6,0,MLO,329.8
774,1974,2,2,7,0,MLO,330.5
775,1974,2,9,7,0,MLO,330.8
776,1974,2,16,7,0,MLO,330.6
777,1974,2,23,7,0,MLO,330.6
778,1974,3,2,7,0,MLO,330.7
779,1974,3,9,6,0,MLO,331.2
780,1974,3,16,7,0,MLO,332.1
781,1974,3,23,7,0,MLO,332.0
782,1974,3,30,7,0,MLO,331.5
783,1974,4,6,7,0,MLO,332.4
784,1974,4,13,7,0,MLO,332.1
785,1974,4,20,7,0,MLO,332.9
786,1974,4,27,7,0,MLO,333.1
787,1974,5,4,7,0,MLO,332.9
788,1974,5,11,7,0,MLO,333.0
789,1974,5,18,7,0,MLO,333.2
790,1974,5,25,7,0,MLO,332.8
791,1974,6,1,7,0,MLO,332.9
792,1974,6,8,6,0,MLO,332.0
793,1974,6,15,5,0,MLO,332.0
794,1974,6,22,6,0,MLO,332.2
795,1974,6,29,5,0,MLO,331.7
796,1974,7,6,6,0,MLO,331.7
797,1974,7,13,7,0,MLO,331.2
798,1974,7,20,5,0,MLO,330.4
799,1974,7,27,3,0,MLO,331.0
800,1974,8,3,6,0,MLO,330.0
801,1974,8,10,5,0,MLO,329.9
802,1974,8,17,6,0,MLO,329.2
803,1974,8,24,6,0,MLO,328.9
804,1974,8,31,7,0,MLO,328.1
805,1974,9,7,7,0,MLO,328.0
806,1974,9,14,7,0,MLO,327.3
807,1974,9,21,7,0,MLO,326.9
808,1974,9,28,7,0,MLO,327.3
809,1974,10,5,6,0,MLO,327.3
810,1974,10,12,6,0,MLO,327.0
811,1974,10,19,7,0,MLO,327.5
812,1974,10,26,7,0,MLO,327.7
813,1974,11,2,7,0,MLO,327.9
814,1974,11,9,7,0,MLO,328.0
815,1974,11,16,6,0,MLO,328.8
816,1974,11,23,6,0,MLO,328.6
817,1974,11,30,3,0,MLO,328.7
818,1974,12,7,2,0,MLO,329.5
819,1974,12,14,4,0,MLO,329.7
820,1974,12,21,7,0,MLO,329.8
821,1974,12,28,7,0,MLO,329.7
822,1975,1,4,4,0,MLO,329.9
823,1975,1,11,4,0,MLO,329.8
824,1975,1,18,4,0,MLO,330.2
825,1975,1,25,7,0,MLO,331.1
826,1975,2,1,6,0,MLO,331.1
827,1975,2,8,7,0,MLO,331.4
828,1975,2,15,7,0,MLO,331.0
829,1975,2,22,5,0,MLO,331.7
830,1975,3,1,7,0,MLO,331.8
831,1975,3,8,7,0,MLO,331.6
832,1975,3,15,7,0,MLO,331.9
833,1975,3,22,7,0,MLO,332.2
834,1975,3,29,6,0,MLO,332.5
835,1975,4,5,7,0,MLO,333.0
836,1975,4,12,6,0,MLO,333.5
837,1975,4,19,7,0,MLO,333.5
838,1975,4,26,7,0,MLO,333.1
839,1975,5,3,7,0,MLO,333.9
840,1975,5,10,7,0,MLO,333.9
841,1975,5,17,7,0,MLO,333.7
842,1975,5,24,7,0,MLO,333.7
843,1975,5,31,7,0,MLO,334.1
844,1975,6,7,7,0,MLO,333.8
845,1975,6,14,6,0,MLO,333.3
846,1975,6,21,7,0,MLO,333.4
847,1975,6,28,7,0,MLO,333.1
848,1975,7,5,5,0,MLO,332.7
849,1975,7,12,7,0,MLO,332.0
850,1975,7,19,5,0,MLO,331.0
851,1975,7,26,6,0,MLO,331.5
852,1975,8,2,7,0,MLO,330.8
853,1975,8,9,7,0,MLO,330.7
854,1975,8,16,5,0,MLO,330.3
855,1975,8,23,6,0,MLO,329.3
856,1975,8,30,6,0,MLO,328.8
857,1975,9,6,6,0,MLO,329.4
858,1975,9,13,6,0,MLO,328.5
859,1975,9,20,7,0,MLO,328.0
860,1975,9,27,6,0,MLO,328.2
861,1975,10,4,6,0,MLO,328.0
862,1975,10,11,5,0,MLO,328.0
863,1975,10,18,6,0,MLO,328.5
864,1975,10,25,6,0,MLO,328.8
865,1975,11,1,4,0,MLO,329.3
866,1975,11,8,6,0,MLO,329.2
867,1975,11,15,5,0,MLO,329.1
868,1975,11,22,3,0,MLO,329.5
869,1975,11,29,5,0,MLO,330.1
870,1975,12,6,7,0,MLO,330.3
871,1975,12,13,7,0,MLO,330.5
872,1975,12,20,5,0,MLO,331.1
873,1975,12,27,5,0,MLO,331.2
874,1976,1,3,7,0,MLO,331.5
875,1976,1,10,7,0,MLO,331.5
876,1976,1,17,7,0,MLO,331.7
877,1976,1,24,7,0,MLO,331.8
878,1976,1,31,5,0,MLO,332.2
879,1976,2,7,6,0,MLO,332.1
880,1976,2,14,7,0,MLO,332.5
881,1976,2,21,6,0,MLO,333.2
882,1976,2,28,5,0,MLO,332.4
883,1976,3,6,7,0,MLO,332.8
884,1976,3,13,7,0,MLO,333.6
885,1976,3,20,3,0,MLO,333.1
886,1976,3,27,7,0,MLO,334.3
887,1976,4,3,7,0,MLO,334.7
888,1976,4,10,6,0,MLO,334.2
889,1976,4,17,6,0,MLO,334.4
890,1976,4,24,6,0,MLO,334.5
891,1976,5,1,6,0,MLO,334.7
892,1976,5,8,5,0,MLO,334.3
893,1976,5,15,7,0,MLO,334.6
894,1976,5,22,6,0,MLO,335.4
895,1976,5,29,7,0,MLO,334.8
896,1976,6,5,7,0,MLO,334.3
897,1976,6,12,7,0,MLO,334.6
898,1976,6,19,6,0,MLO,334.3
899,1976,7,3,6,0,MLO,333.6
900,1976,7,10,6,0,MLO,333.4
901,1976,7,17,4,0,MLO,332.8
902,1976,7,24,7,0,MLO,332.4
903,1976,7,31,6,0,MLO,332.1
904,1976,8,7,6,0,MLO,331.7
905,1976,8,14,6,0,MLO,330.6
906,1976,8,21,5,0,MLO,330.6
907,1976,8,28,1,0,MLO,330.0
908,1976,9,4,5,0,MLO,329.7
909,1976,9,11,4,0,MLO,330.0
910,1976,9,18,7,0,MLO,329.3
911,1976,9,25,5,0,MLO,328.4
912,1976,10,2,4,0,MLO,328.8
913,1976,10,9,4,0,MLO,329.0
914,1976,10,16,3,0,MLO,329.6
915,1976,10,23,6,0,MLO,329.1
916,1976,10,30,7,0,MLO,329.0
917,1976,11,6,5,0,MLO,329.8
918,1976,11,13,5,0,MLO,330.4
919,1976,11,20,7,0,MLO,330.5
920,1976,11,27,7,0,MLO,330.7
921,1976,12,4,7,0,MLO,331.1
922,1976,12,11,6,0,MLO,331.3
923,1976,12,18,6,0,MLO,331.9
924,1976,12,25,7,0,MLO,332.2
925,1977,1,1,7,0,MLO,332.5
926,1977,1,8,7,0,MLO,332.4
927,1977,1,15,5,0,MLO,333.1
928,1977,1,22,7,0,MLO,333.2
929,1977,1,29,5,0,MLO,333.2
930,1977,2,5,5,0,MLO,333.4
931,1977,2,12,6,0,MLO,333.3
932,1977,2,19,7,0,MLO,333.4
933,1977,2,26,7,0,MLO,333.6
934,1977,3,5,6,0,MLO,334.1
935,1977,3,12,7,0,MLO,334.6
936,1977,3,19,7,0,MLO,335.1
937,1977,3,26,7,0,MLO,335.0
938,1977,4,2,7,0,MLO,335.5
939,1977,4,9,7,0,MLO,335.9
940,1977,4,16,7,0,MLO,336.0
941,1977,4,23,7,0,MLO,336.1
942,1977,4,30,7,0,MLO,336.7
943,1977,5,7,7,0,MLO,336.8
944,1977,5,14,7,0,MLO,336.4
945,1977,5,21,7,0,MLO,336.8
946,1977,5,28,7,0,MLO,336.7
947,1977,6,4,7,0,MLO,336.4
948,1977,6,11,6,0,MLO,336.3
949,1977,6,18,7,0,MLO,336.1
950,1977,6,25,7,0,MLO,336.0
951,1977,7,2,6,0,MLO,335.5
952,1977,7,9,6,0,MLO,335.1
953,1977,7,16,4,0,MLO,335.1
954,1977,7,23,5,0,MLO,334.6
955,1977,7,30,3,0,MLO,333.7
956,1977,8,6,7,0,MLO,333.0
957,1977,8,13,2,0,MLO,332.9
958,1977,8,20,1,0,MLO,332.8
959,1977,8,27,2,0,MLO,332.8
960,1977,9,3,3,0,MLO,332.1
961,1977,9,10,1,0,MLO,331.2
962,1977,9,17,2,0,MLO,332.1
963,1977,9,24,2,0,MLO,330.9
964,1977,10,1,3,0,MLO,330.4
965,1977,10,8,5,0,MLO,330.9
966,1977,10,15,4,0,MLO,331.5
967,1977,10,22,1,0,MLO,331.5
968,1977,10,29,2,0,MLO,331.7
969,1977,11,5,4,0,MLO,332.1
970,1977,11,12,2,0,MLO,332.0
971,1977,11,19,2,0,MLO,332.5
972,1977,11,26,5,0,MLO,332.8
973,1977,12,3,6,0,MLO,333.2
974,1977,12,10,6,0,MLO,333.5
975,1977,12,17,7,0,MLO,333.8
976,1977,12,24,6,0,MLO,334.2
977,1977,12,31,7,0,MLO,334.6
978,1978,1,7,7,0,MLO,334.2
979,1978,1,14,7,0,MLO,334.6
980,1978,1,21,7,0,MLO,335.4
981,1978,1,28,5,0,MLO,335.9
982,1978,2,4,7,0,MLO,335.0
983,1978,2,11,6,0,MLO,335.1
984,1978,2,18,7,0,MLO,335.6
985,1978,2,25,7,0,MLO,335.7
986,1978,3,4,7,0,MLO,336.2
987,1978,3,11,7,0,MLO,336.1
988,1978,3,18,5,0,MLO,336.8
989,1978,3,25,7,0,MLO,337.3
990,1978,4,1,4,0,MLO,337.0
991,1978,4,8,6,0,MLO,337.9
992,1978,4,15,6,0,MLO,337.9
993,1978,4,22,5,0,MLO,337.4
994,1978,4,29,7,0,MLO,338.0
995,1978,5,6,6,0,MLO,338.0
996,1978,5,13,7,0,MLO,338.1
997,1978,5,20,7,0,MLO,337.8
998,1978,5,27,7,0,MLO,337.9
999,1978,6,3,1,0,MLO,338.4
1000,1978,6,10,2,0,MLO,338.2
1001,1978,6,17,4,0,MLO,337.8
1002,1978,6,24,5,0,MLO,337.3
1003,1978,7,1,2,0,MLO,337.6
1004,1978,7,8,6,0,MLO,336.7
1005,1978,7,15,7,0,MLO,336.7
1006,1978,7,22,7,0,MLO,335.9
1007,1978,7,29,6,0,MLO,335.6
1008,1978,8,5,7,0,MLO,335.1
1009,1978,8,12,7,0,MLO,334.8
1010,1978,8,19,2,0,MLO,334.4
1011,1978,8,26,4,0,MLO,334.3
1012,1978,9,2,4,0,MLO,333.8
1013,1978,9,9,4,0,MLO,332.8
1014,1978,9,16,5,0,MLO,332.1
1015,1978,9,23,3,0,MLO,332.3
1016,1978,9,30,6,0,MLO,332.7
1017,1978,10,7,5,0,MLO,332.1
1018,1978,10,14,4,0,MLO,332.4
1019,1978,10,21,4,0,MLO,333.0
1020,1978,10,28,3,0,MLO,333.1
1021,1978,11,4,6,0,MLO,333.5
1022,1978,11,11,5,0,MLO,333.8
1023,1978,11,18,4,0,MLO,333.8
1024,1978,11,25,5,0,MLO,334.2
1025,1978,12,2,2,0,MLO,334.5
1026,1978,12,9,6,0,MLO,334.8
1027,1978,12,16,6,0,MLO,335.1
1028,1978,12,23,6,0,MLO,335.1
1029,1978,12,30,7,0,MLO,335.3
1030,1979,1,6,7,0,MLO,335.3
1031,1979,1,13,6,0,MLO,335.9
1032,1979,1,20,7,0,MLO,336.8
1033,1979,1,27,5,0,MLO,336.9
1034,1979,2,3,6,0,MLO,336.9
1035,1979,2,10,5,0,MLO,336.5
1036,1979,2,17,7,0,MLO,336.7
1037,1979,2,24,7,0,MLO,336.7
1038,1979,3,3,6,0,MLO,337.1
1039,1979,3,10,5,0,MLO,337.7
1040,1979,3,17,4,0,MLO,337.4
1041,1979,3,24,5,0,MLO,339.0
1042,1979,3,31,7,0,MLO,338.8
1043,1979,4,7,4,0,MLO,338.1
1044,1979,4,14,7,0,MLO,338.6
1045,1979,4,21,7,0,MLO,339.2
1046,1979,4,28,6,0,MLO,339.6
1047,1979,5,5,7,0,MLO,339.3
1048,1979,5,12,5,0,MLO,338.8
1049,1979,5,19,5,0,MLO,339.8
1050,1979,5,26,7,0,MLO,339.6
1051,1979,6,2,4,0,MLO,339.9
1052,1979,6,9,6,0,MLO,339.5
1053,1979,6,16,5,0,MLO,338.9
1054,1979,6,23,5,0,MLO,338.9
1055,1979,6,30,2,0,MLO,339.0
1056,1979,7,7,4,0,MLO,338.2
1057,1979,7,14,6,0,MLO,337.8
1058,1979,7,21,6,0,MLO,337.3
1059,1979,7,28,5,0,MLO,336.8
1060,1979,8,4,5,0,MLO,337.0
1061,1979,8,11,7,0,MLO,336.5
1062,1979,8,18,6,0,MLO,336.1
1063,1979,8,25,5,0,MLO,334.5
1064,1979,9,1,7,0,MLO,334.4
1065,1979,9,8,3,0,MLO,334.0
1066,1979,9,15,4,0,MLO,334.2
1067,1979,9,22,5,0,MLO,333.2
1068,1979,9,29,5,0,MLO,334.1
1069,1979,10,6,4,0,MLO,334.1
1070,1979,10,13,6,0,MLO,333.9
1071,1979,10,20,7,0,MLO,333.7
1072,1979,10,27,5,0,MLO,334.1
1073,1979,11,3,6,0,MLO,334.7
1074,1979,11,10,6,0,MLO,334.8
1075,1979,11,17,6,0,MLO,335.5
1076,1979,11,24,5,0,MLO,335.6
1077,1979,12,1,6,0,MLO,335.9
1078,1979,12,8,4,0,MLO,336.5
1079,1979,12,15,6,0,MLO,336.7
1080,1979,12,22,6,0,MLO,336.8
1081,1979,12,29,7,0,MLO,337.4
1082,1980,1,5,7,0,MLO,337.6
1083,1980,1,12,6,0,MLO,337.4
1084,1980,1,19,7,0,MLO,338.3
1085,1980,1,26,7,0,MLO,338.4
1086,1980,2,2,6,0,MLO,338.0
1087,1980,2,9,5,0,MLO,338.1
1088,1980,2,16,7,0,MLO,338.6
1089,1980,2,23,6,0,MLO,338.2
1090,1980,3,1,6,0,MLO,339.3
1091,1980,3,8,6,0,MLO,339.5
1092,1980,3,15,6,0,MLO,340.0
1093,1980,3,22,6,0,MLO,340.5
1094,1980,3,29,7,0,MLO,341.0
1095,1980,4,5,4,0,MLO,340.4
1096,1980,4,12,4,0,MLO,340.9
1097,1980,4,19,6,0,MLO,340.7
1098,1980,4,26,6,0,MLO,341.0
1099,1980,5,3,5,0,MLO,341.5
1100,1980,5,10,6,0,MLO,341.3
1101,1980,5,17,5,0,MLO,341.3
1102,1980,5,24,5,0,MLO,340.9
1103,1980,5,31,7,0,MLO,341.7
1104,1980,6,7,3,0,MLO,341.3
1105,1980,6,14,7,0,MLO,341.3
1106,1980,6,21,6,0,MLO,340.8
1107,1980,6,28,3,0,MLO,340.4
1108,1980,7,5,6,0,MLO,340.4
1109,1980,7,12,5,0,MLO,339.7
1110,1980,7,19,3,0,MLO,338.5
1111,1980,7,26,6,0,MLO,338.9
1112,1980,8,2,6,0,MLO,337.9
1113,1980,8,9,5,0,MLO,337.7
1114,1980,8,16,4,0,MLO,337.7
1115,1980,8,23,3,0,MLO,337.7
1116,1980,8,30,3,0,MLO,337.0
1117,1980,9,6,4,0,MLO,336.6
1118,1980,9,13,4,0,MLO,335.7
1119,1980,9,20,5,0,MLO,335.2
1120,1980,9,27,4,0,MLO,336.0
1121,1980,10,4,4,0,MLO,335.8
1122,1980,10,11,7,0,MLO,335.8
1123,1980,10,18,7,0,MLO,336.1
1124,1980,10,25,5,0,MLO,336.4
1125,1980,11,1,7,0,MLO,336.6
1126,1980,11,8,7,0,MLO,336.9
1127,1980,11,15,6,0,MLO,337.1
1128,1980,11,22,7,0,MLO,337.3
1129,1980,11,29,7,0,MLO,337.4
1130,1980,12,6,4,0,MLO,337.7
1131,1980,12,13,7,0,MLO,338.1
1132,1980,12,20,7,0,MLO,338.3
1133,1980,12,27,7,0,MLO,338.7
1134,1981,1,3,7,0,MLO,338.9
1135,1981,1,10,7,0,MLO,339.1
1136,1981,1,17,7,0,MLO,339.3
1137,1981,1,24,7,0,MLO,339.3
1138,1981,1,31,6,0,MLO,339.5
1139,1981,2,7,7,0,MLO,340.5
1140,1981,2,14,4,0,MLO,340.0
1141,1981,2,21,5,0,MLO,340.2
1142,1981,2,28,6,0,MLO,341.1
1143,1981,3,7,4,0,MLO,340.7
1144,1981,3,14,6,0,MLO,341.0
1145,1981,3,21,5,0,MLO,341.8
1146,1981,3,28,6,0,MLO,342.1
1147,1981,4,4,5,0,MLO,342.4
1148,1981,4,11,6,0,MLO,342.4
1149,1981,4,18,7,0,MLO,342.7
1150,1981,4,25,7,0,MLO,342.3
1151,1981,5,2,7,0,MLO,342.9
1152,1981,5,9,7,0,MLO,343.0
1153,1981,5,16,7,0,MLO,342.8
1154,1981,5,23,7,0,MLO,342.7
1155,1981,5,30,7,0,MLO,342.7
1156,1981,6,6,7,0,MLO,342.6
1157,1981,6,13,7,0,MLO,342.5
1158,1981,6,20,7,0,MLO,341.8
1159,1981,6,27,5,0,MLO,341.6
1160,1981,7,4,5,0,MLO,341.0
1161,1981,7,11,7,0,MLO,340.8
1162,1981,7,18,4,0,MLO,339.7
1163,1981,7,25,4,0,MLO,340.2
1164,1981,8,1,5,0,MLO,339.5
1165,1981,8,8,5,0,MLO,338.9
1166,1981,8,15,6,0,MLO,338.4
1167,1981,8,22,5,0,MLO,337.5
1168,1981,8,29,4,0,MLO,337.7
1169,1981,9,5,7,0,MLO,337.2
1170,1981,9,12,3,0,MLO,337.0
1171,1981,9,19,7,0,MLO,336.7
1172,1981,9,26,5,0,MLO,335.9
1173,1981,10,3,6,0,MLO,336.3
1174,1981,10,10,4,0,MLO,336.6
1175,1981,10,17,7,0,MLO,337.1
1176,1981,10,24,5,0,MLO,337.2
1177,1981,10,31,6,0,MLO,337.5
1178,1981,11,7,6,0,MLO,337.8
1179,1981,11,14,6,0,MLO,338.1
1180,1981,11,21,4,0,MLO,338.5
1181,1981,11,28,6,0,MLO,339.3
1182,1981,12,5,5,0,MLO,339.2
1183,1981,12,12,7,0,MLO,339.4
1184,1981,12,19,6,0,MLO,339.6
1185,1981,12,26,4,0,MLO,340.2
1186,1982,1,2,5,0,MLO,340.2
1187,1982,1,9,7,0,MLO,340.3
1188,1982,1,16,5,0,MLO,340.7
1189,1982,1,23,6,0,MLO,341.1
1190,1982,1,30,7,0,MLO,341.2
1191,1982,2,6,7,0,MLO,341.9
1192,1982,2,13,6,0,MLO,341.1
1193,1982,2,20,4,0,MLO,341.1
1194,1982,2,27,5,0,MLO,342.1
1195,1982,3,6,6,0,MLO,342.6
1196,1982,3,13,4,0,MLO,342.6
1197,1982,3,20,1,0,MLO,342.7
1198,1982,3,27,4,0,MLO,342.8
1199,1982,4,3,6,0,MLO,342.9
1200,1982,4,10,6,0,MLO,343.3
1201,1982,4,17,6,0,MLO,343.5
1202,1982,4,24,5,0,MLO,344.2
1203,1982,5,1,4,0,MLO,343.8
1204,1982,5,8,1,0,MLO,343.6
1205,1982,5,15,3,0,MLO,344.2
1206,1982,5,22,6,0,MLO,344.1
1207,1982,5,29,6,0,MLO,344.1
1208,1982,6,5,6,0,MLO,343.4
1209,1982,6,12,7,0,MLO,343.5
1210,1982,6,19,3,0,MLO,343.4
1211,1982,6,26,4,0,MLO,342.9
1212,1982,7,3,7,0,MLO,342.5
1213,1982,7,10,6,0,MLO,342.0
1214,1982,7,17,5,0,MLO,342.0
1215,1982,7,24,4,0,MLO,341.8
1216,1982,7,31,6,0,MLO,341.3
1217,1982,8,7,6,0,MLO,340.5
1218,1982,8,14,6,0,MLO,340.0
1219,1982,8,21,3,0,MLO,339.7
1220,1982,8,28,5,0,MLO,338.3
1221,1982,9,4,5,0,MLO,338.8
1222,1982,9,11,6,0,MLO,338.6
1223,1982,9,18,2,0,MLO,337.8
1224,1982,9,25,6,0,MLO,336.9
1225,1982,10,2,4,0,MLO,337.3
1226,1982,10,9,5,0,MLO,338.0
1227,1982,10,16,4,0,MLO,337.6
1228,1982,10,23,4,0,MLO,337.9
1229,1982,10,30,5,0,MLO,338.7
1230,1982,11,6,5,0,MLO,338.4
1231,1982,11,13,6,0,MLO,339.2
1232,1982,11,20,6,0,MLO,339.7
1233,1982,11,27,4,0,MLO,339.8
1234,1982,12,4,6,0,MLO,339.8
1235,1982,12,11,5,0,MLO,340.4
1236,1982,12,18,7,0,MLO,340.7
1237,1982,12,25,5,0,MLO,340.8
1238,1983,1,1,5,0,MLO,340.9
1239,1983,1,8,5,0,MLO,341.4
1240,1983,1,15,6,0,MLO,341.5
1241,1983,1,22,7,0,MLO,341.2
1242,1983,1,29,7,0,MLO,341.7
1243,1983,2,5,6,0,MLO,342.0
1244,1983,2,12,7,0,MLO,342.7
1245,1983,2,19,6,0,MLO,342.5
1246,1983,2,26,6,0,MLO,342.8
1247,1983,3,5,7,0,MLO,342.3
1248,1983,3,12,7,0,MLO,342.5
1249,1983,3,19,5,0,MLO,344.0
1250,1983,3,26,5,0,MLO,343.8
1251,1983,4,2,7,0,MLO,344.0
1252,1983,4,9,6,0,MLO,344.8
1253,1983,4,16,7,0,MLO,345.0
1254,1983,4,23,7,0,MLO,345.3
1255,1983,4,30,7,0,MLO,345.4
1256,1983,5,7,5,0,MLO,345.4
1257,1983,5,14,6,0,MLO,345.7
1258,1983,5,21,6,0,MLO,345.8
1259,1983,5,28,7,0,MLO,345.7
1260,1983,6,4,5,0,MLO,345.6
1261,1983,6,11,5,0,MLO,345.6
1262,1983,6,18,7,0,MLO,345.0
1263,1983,6,25,6,0,MLO,344.9
1264,1983,7,2,6,0,MLO,344.7
1265,1983,7,9,4,0,MLO,344.5
1266,1983,7,16,3,0,MLO,343.7
1267,1983,7,23,6,0,MLO,343.6
1268,1983,7,30,4,0,MLO,342.6
1269,1983,8,6,5,0,MLO,343.0
1270,1983,8,13,2,0,MLO,341.7
1271,1983,8,20,3,0,MLO,342.1
1272,1983,8,27,6,0,MLO,341.8
1273,1983,9,3,3,0,MLO,339.9
1274,1983,9,10,5,0,MLO,339.9
1275,1983,9,17,5,0,MLO,339.8
1276,1983,9,24,4,0,MLO,339.9
1277,1983,10,1,6,0,MLO,339.8
1278,1983,10,8,7,0,MLO,339.7
1279,1983,10,15,6,0,MLO,340.1
1280,1983,10,22,6,0,MLO,340.2
1281,1983,10,29,7,0,MLO,340.3
1282,1983,11,5,7,0,MLO,340.8
1283,1983,11,12,7,0,MLO,341.0
1284,1983,11,19,6,0,MLO,341.1
1285,1983,11,26,7,0,MLO,341.7
1286,1983,12,3,6,0,MLO,341.8
1287,1983,12,10,2,0,MLO,342.8
1288,1983,12,17,7,0,MLO,343.3
1289,1983,12,24,7,0,MLO,343.6
1290,1983,12,31,7,0,MLO,343.4
1291,1984,1,7,7,0,MLO,343.7
1292,1984,1,14,5,0,MLO,343.4
1293,1984,1,21,5,0,MLO,343.5
1294,1984,1,28,5,0,MLO,344.1
1295,1984,2,4,5,0,MLO,344.3
1296,1984,2,11,7,0,MLO,344.5
1297,1984,2,18,5,0,MLO,344.3
1298,1984,2,25,6,0,MLO,344.6
1299,1984,3,3,7,0,MLO,344.8
1300,1984,3,10,6,0,MLO,344.9
1301,1984,3,17,6,0,MLO,345.4
1302,1984,3,24,5,0,MLO,345.6
1303,1984,4,28,2,0,MLO,347.4
1304,1984,5,5,6,0,MLO,347.4
1305,1984,5,12,3,0,MLO,347.7
1306,1984,5,19,5,0,MLO,347.3
1307,1984,5,26,5,0,MLO,347.0
1308,1984,6,2,5,0,MLO,347.0
1309,1984,6,9,6,0,MLO,347.0
1310,1984,6,16,3,0,MLO,346.8
1311,1984,6,23,5,0,MLO,346.3
1312,1984,6,30,6,0,MLO,346.2
1313,1984,7,7,4,0,MLO,345.8
1314,1984,7,14,5,0,MLO,345.4
1315,1984,7,21,3,0,MLO,345.2
1316,1984,7,28,6,0,MLO,344.4
1317,1984,8,4,2,0,MLO,344.0
1318,1984,8,11,2,0,MLO,344.1
1319,1984,8,18,5,0,MLO,343.1
1320,1984,8,25,3,0,MLO,342.0
1321,1984,9,1,3,0,MLO,341.6
1322,1984,9,8,6,0,MLO,340.6
1323,1984,9,15,6,0,MLO,341.3
1324,1984,9,22,6,0,MLO,341.3
1325,1984,9,29,3,0,MLO,340.8
1326,1984,10,6,5,0,MLO,341.1
1327,1984,10,13,4,0,MLO,341.3
1328,1984,10,20,1,0,MLO,341.9
1329,1984,10,27,5,0,MLO,341.6
1330,1984,11,3,5,0,MLO,342.0
1331,1984,11,10,6,0,MLO,342.6
1332,1984,11,17,6,0,MLO,343.1
1333,1984,11,24,6,0,MLO,343.7
1334,1984,12,1,4,0,MLO,343.6
1335,1984,12,8,6,0,MLO,343.9
1336,1984,12,15,4,0,MLO,344.2
1337,1984,12,22,5,0,MLO,344.5
1338,1984,12,29,3,0,MLO,344.5
1339,1985,1,5,7,0,MLO,344.7
1340,1985,1,12,6,0,MLO,345.0
1341,1985,1,19,7,0,MLO,345.0
1342,1985,1,26,5,0,MLO,345.0
1343,1985,2,2,5,0,MLO,345.9
1344,1985,2,9,4,0,MLO,345.5
1345,1985,2,16,5,0,MLO,345.8
1346,1985,2,23,5,0,MLO,346.3
1347,1985,3,2,6,0,MLO,346.7
1348,1985,3,9,6,0,MLO,347.1
1349,1985,3,16,7,0,MLO,347.5
1350,1985,3,23,4,0,MLO,347.7
1351,1985,3,30,5,0,MLO,348.2
1352,1985,4,6,7,0,MLO,348.0
1353,1985,4,13,4,0,MLO,348.0
1354,1985,4,20,5,0,MLO,348.5
1355,1985,4,27,4,0,MLO,348.8
1356,1985,5,4,5,0,MLO,348.8
1357,1985,5,11,5,0,MLO,349.3
1358,1985,5,18,7,0,MLO,349.1
1359,1985,5,25,6,0,MLO,348.1
1360,1985,6,1,4,0,MLO,349.0
1361,1985,6,8,7,0,MLO,348.4
1362,1985,6,15,3,0,MLO,348.2
1363,1985,6,22,5,0,MLO,347.9
1364,1985,6,29,6,0,MLO,347.4
1365,1985,7,6,6,0,MLO,346.9
1366,1985,7,13,5,0,MLO,346.8
1367,1985,7,20,3,0,MLO,346.4
1368,1985,7,27,6,0,MLO,345.7
1369,1985,8,10,6,0,MLO,344.7
1370,1985,8,17,3,0,MLO,344.5
1371,1985,8,24,5,0,MLO,344.3
1372,1985,8,31,5,0,MLO,343.7
1373,1985,9,7,5,0,MLO,344.2
1374,1985,9,14,6,0,MLO,343.3
1375,1985,9,21,5,0,MLO,342.4
1376,1985,9,28,5,0,MLO,342.1
1377,1985,10,5,4,0,MLO,342.4
1378,1985,10,12,4,0,MLO,342.5
1379,1985,10,19,7,0,MLO,343.1
1380,1985,10,26,6,0,MLO,343.2
1381,1985,11,2,5,0,MLO,343.3
1382,1985,11,9,5,0,MLO,343.7
1383,1985,11,16,7,0,MLO,344.2
1384,1985,11,23,6,0,MLO,344.6
1385,1985,11,30,6,0,MLO,345.3
1386,1985,12,7,5,0,MLO,345.3
1387,1985,12,14,6,0,MLO,345.6
1388,1985,12,21,6,0,MLO,345.1
1389,1985,12,28,7,0,MLO,346.3
1390,1986,1,4,4,0,MLO,346.4
1391,1986,1,11,7,0,MLO,346.0
1392,1986,1,18,4,0,MLO,346.2
1393,1986,1,25,7,0,MLO,346.4
1394,1986,2,1,6,0,MLO,346.2
1395,1986,2,8,6,0,MLO,346.8
1396,1986,2,15,7,0,MLO,347.1
1397,1986,2,22,7,0,MLO,347.2
1398,1986,3,1,7,0,MLO,347.0
1399,1986,3,8,3,0,MLO,346.6
1400,1986,3,15,6,0,MLO,347.2
1401,1986,3,22,6,0,MLO,349.1
1402,1986,3,29,6,0,MLO,348.8
1403,1986,4,5,7,0,MLO,349.2
1404,1986,4,12,4,0,MLO,349.4
1405,1986,4,19,6,0,MLO,349.3
1406,1986,4,26,6,0,MLO,350.2
1407,1986,5,3,4,0,MLO,349.9
1408,1986,5,10,5,0,MLO,350.1
1409,1986,5,17,5,0,MLO,350.2
1410,1986,5,24,6,0,MLO,350.1
1411,1986,5,31,6,0,MLO,350.1
1412,1986,6,7,4,0,MLO,349.7
1413,1986,6,14,6,0,MLO,349.5
1414,1986,6,21,7,0,MLO,349.4
1415,1986,6,28,7,0,MLO,348.9
1416,1986,7,5,7,0,MLO,348.6
1417,1986,7,12,5,0,MLO,347.7
1418,1986,7,19,6,0,MLO,347.6
1419,1986,7,26,6,0,MLO,347.4
1420,1986,8,2,3,0,MLO,346.6
1421,1986,8,9,5,0,MLO,346.2
1422,1986,8,16,7,0,MLO,345.5
1423,1986,8,23,5,0,MLO,345.6
1424,1986,8,30,4,0,MLO,345.2
1425,1986,9,6,4,0,MLO,345.0
1426,1986,9,13,7,0,MLO,345.3
1427,1986,9,20,5,0,MLO,344.4
1428,1986,9,27,6,0,MLO,344.5
1429,1986,10,4,7,0,MLO,343.9
1430,1986,10,11,7,0,MLO,344.1
1431,1986,10,18,3,0,MLO,343.9
1432,1986,10,25,7,0,MLO,344.5
1433,1986,11,1,6,0,MLO,345.1
1434,1986,11,8,5,0,MLO,345.3
1435,1986,11,15,7,0,MLO,345.6
1436,1986,11,22,6,0,MLO,345.7
1437,1986,11,29,7,0,MLO,346.4
1438,1986,12,6,7,0,MLO,346.9
1439,1986,12,13,7,0,MLO,346.7
1440,1986,12,20,7,0,MLO,346.9
1441,1986,12,27,6,0,MLO,347.0
1442,1987,1,3,6,0,MLO,347.6
1443,1987,1,10,6,0,MLO,348.3
1444,1987,1,17,7,0,MLO,348.2
1445,1987,1,24,5,0,MLO,347.9
1446,1987,1,31,6,0,MLO,348.0
1447,1987,2,7,7,0,MLO,347.9
1448,1987,2,14,6,0,MLO,348.2
1449,1987,2,21,7,0,MLO,348.5
1450,1987,2,28,7,0,MLO,349.4
1451,1987,3,7,7,0,MLO,348.8
1452,1987,3,14,7,0,MLO,349.2
1453,1987,3,21,7,0,MLO,349.7
1454,1987,3,28,7,0,MLO,350.2
1455,1987,4,4,6,0,MLO,350.8
1456,1987,4,11,5,0,MLO,350.2
1457,1987,4,18,7,0,MLO,351.1
1458,1987,4,25,7,0,MLO,351.3
1459,1987,5,2,6,0,MLO,351.4
1460,1987,5,9,7,0,MLO,352.0
1461,1987,5,16,7,0,MLO,351.7
1462,1987,5,23,7,0,MLO,351.9
1463,1987,5,30,7,0,MLO,351.7
1464,1987,6,6,6,0,MLO,351.6
1465,1987,6,13,7,0,MLO,351.1
1466,1987,6,20,6,0,MLO,351.0
1467,1987,6,27,5,0,MLO,350.9
1468,1987,7,4,7,0,MLO,349.7
1469,1987,7,11,7,0,MLO,349.8
1470,1987,7,18,3,0,MLO,348.8
1471,1987,7,25,5,0,MLO,349.5
1472,1987,8,1,4,0,MLO,349.0
1473,1987,8,8,2,0,MLO,348.1
1474,1987,8,15,3,0,MLO,348.6
1475,1987,8,22,5,0,MLO,348.0
1476,1987,8,29,5,0,MLO,346.7
1477,1987,9,5,4,0,MLO,347.0
1478,1987,9,12,6,0,MLO,346.6
1479,1987,9,19,6,0,MLO,346.2
1480,1987,9,26,3,0,MLO,345.8
1481,1987,10,3,4,0,MLO,345.7
1482,1987,10,10,5,0,MLO,346.3
1483,1987,10,17,5,0,MLO,346.5
1484,1987,10,24,7,0,MLO,346.8
1485,1987,10,31,6,0,MLO,346.9
1486,1987,11,7,4,0,MLO,347.3
1487,1987,11,14,7,0,MLO,347.6
1488,1987,11,21,3,0,MLO,348.1
1489,1987,11,28,3,0,MLO,348.7
1490,1987,12,5,5,0,MLO,348.6
1491,1987,12,12,5,0,MLO,348.8
1492,1987,12,19,5,0,MLO,349.1
1493,1987,12,26,5,0,MLO,349.2
1494,1988,1,2,6,0,MLO,349.7
1495,1988,1,9,7,0,MLO,350.2
1496,1988,1,16,5,0,MLO,350.2
1497,1988,1,23,5,0,MLO,350.7
1498,1988,1,30,5,0,MLO,351.2
1499,1988,2,6,4,0,MLO,351.8
1500,1988,2,13,7,0,MLO,351.3
1501,1988,2,20,6,0,MLO,351.5
1502,1988,2,27,7,0,MLO,352.5
1503,1988,3,5,6,0,MLO,352.8
1504,1988,3,12,7,0,MLO,351.8
1505,1988,3,19,4,0,MLO,351.7
1506,1988,3,26,5,0,MLO,352.2
1507,1988,4,2,6,0,MLO,353.1
1508,1988,4,9,7,0,MLO,353.5
1509,1988,4,16,7,0,MLO,353.1
1510,1988,4,23,5,0,MLO,354.0
1511,1988,4,30,4,0,MLO,354.2
1512,1988,5,7,7,0,MLO,353.7
1513,1988,5,14,5,0,MLO,354.3
1514,1988,5,21,6,0,MLO,354.5
1515,1988,5,28,6,0,MLO,354.2
1516,1988,6,4,5,0,MLO,354.1
1517,1988,6,11,6,0,MLO,354.2
1518,1988,6,18,6,0,MLO,353.6
1519,1988,6,25,7,0,MLO,353.1
1520,1988,7,2,4,0,MLO,353.0
1521,1988,7,9,4,0,MLO,352.5
1522,1988,7,16,4,0,MLO,352.6
1523,1988,7,23,5,0,MLO,351.9
1524,1988,7,30,3,0,MLO,351.1
1525,1988,8,6,5,0,MLO,350.9
1526,1988,8,13,3,0,MLO,350.3
1527,1988,8,20,4,0,MLO,350.4
1528,1988,8,27,6,0,MLO,349.6
1529,1988,9,3,5,0,MLO,349.3
1530,1988,9,10,5,0,MLO,348.7
1531,1988,9,17,5,0,MLO,348.9
1532,1988,9,24,4,0,MLO,348.1
1533,1988,10,1,4,0,MLO,348.8
1534,1988,10,8,3,0,MLO,348.8
1535,1988,10,15,7,0,MLO,348.6
1536,1988,10,22,3,0,MLO,349.4
1537,1988,10,29,5,0,MLO,349.2
1538,1988,11,5,7,0,MLO,349.7
1539,1988,11,12,7,0,MLO,349.8
1540,1988,11,19,5,0,MLO,350.1
1541,1988,11,26,7,0,MLO,350.4
1542,1988,12,3,5,0,MLO,350.5
1543,1988,12,10,5,0,MLO,351.0
1544,1988,12,17,4,0,MLO,351.6
1545,1988,12,24,6,0,MLO,351.3
1546,1988,12,31,7,0,MLO,352.4
1547,1989,1,7,7,0,MLO,352.7
1548,1989,1,14,6,0,MLO,352.9
1549,1989,1,21,7,0,MLO,352.5
1550,1989,1,28,7,0,MLO,353.0
1551,1989,2,4,5,0,MLO,352.8
1552,1989,2,11,5,0,MLO,352.6
1553,1989,2,18,6,0,MLO,353.2
1554,1989,2,25,7,0,MLO,353.4
1555,1989,3,4,7,0,MLO,353.1
1556,1989,3,11,6,0,MLO,353.4
1557,1989,3,18,6,0,MLO,353.5
1558,1989,3,25,7,0,MLO,354.4
1559,1989,4,1,7,0,MLO,354.5
1560,1989,4,8,7,0,MLO,355.0
1561,1989,4,15,4,0,MLO,355.4
1562,1989,4,22,7,0,MLO,356.0
1563,1989,4,29,6,0,MLO,355.9
1564,1989,5,6,6,0,MLO,355.3
1565,1989,5,13,5,0,MLO,355.8
1566,1989,5,20,6,0,MLO,355.6
1567,1989,5,27,4,0,MLO,355.7
1568,1989,6,3,6,0,MLO,355.8
1569,1989,6,10,6,0,MLO,355.0
1570,1989,6,17,7,0,MLO,354.8
1571,1989,6,24,5,0,MLO,354.9
1572,1989,7,1,6,0,MLO,354.5
1573,1989,7,8,4,0,MLO,354.7
1574,1989,7,15,7,0,MLO,353.8
1575,1989,7,22,6,0,MLO,353.1
1576,1989,7,29,6,0,MLO,353.2
1577,1989,8,5,6,0,MLO,352.6
1578,1989,8,12,6,0,MLO,352.2
1579,1989,8,19,5,0,MLO,351.1
1580,1989,8,26,5,0,MLO,350.4
1581,1989,9,2,7,0,MLO,350.7
1582,1989,9,9,5,0,MLO,350.2
1583,1989,9,16,6,0,MLO,349.4
1584,1989,9,23,7,0,MLO,349.3
1585,1989,9,30,1,0,MLO,349.7
1586,1989,10,7,6,0,MLO,349.9
1587,1989,10,14,6,0,MLO,349.7
1588,1989,10,21,6,0,MLO,350.2
1589,1989,10,28,7,0,MLO,350.4
1590,1989,11,4,7,0,MLO,350.6
1591,1989,11,11,6,0,MLO,351.2
1592,1989,11,18,7,0,MLO,351.6
1593,1989,11,25,5,0,MLO,351.4
1594,1989,12,2,6,0,MLO,352.0
1595,1989,12,9,4,0,MLO,352.1
1596,1989,12,16,6,0,MLO,352.4
1597,1989,12,23,5,0,MLO,352.5
1598,1989,12,30,4,0,MLO,353.4
1599,1990,1,6,7,0,MLO,353.4
1600,1990,1,13,7,0,MLO,353.5
1601,1990,1,20,7,0,MLO,353.8
1602,1990,1,27,7,0,MLO,353.9
1603,1990,2,3,7,0,MLO,354.1
1604,1990,2,10,5,0,MLO,355.0
1605,1990,2,17,7,0,MLO,354.8
1606,1990,2,24,7,0,MLO,354.7
1607,1990,3,3,3,0,MLO,355.7
1608,1990,3,10,5,0,MLO,354.9
1609,1990,3,17,7,0,MLO,355.8
1610,1990,3,24,6,0,MLO,355.1
1611,1990,3,31,6,0,MLO,355.9
1612,1990,4,7,7,0,MLO,356.1
1613,1990,4,14,7,0,MLO,355.9
1614,1990,4,21,6,0,MLO,356.6
1615,1990,4,28,4,0,MLO,356.1
1616,1990,5,5,5,0,MLO,357.3
1617,1990,5,12,5,0,MLO,357.0
1618,1990,5,19,7,0,MLO,356.9
1619,1990,5,26,6,0,MLO,357.1
1620,1990,6,2,6,0,MLO,357.0
1621,1990,6,9,7,0,MLO,356.6
1622,1990,6,16,5,0,MLO,355.6
1623,1990,6,23,7,0,MLO,355.5
1624,1990,6,30,7,0,MLO,355.7
1625,1990,7,7,7,0,MLO,355.5
1626,1990,7,14,7,0,MLO,354.0
1627,1990,7,21,6,0,MLO,354.5
1628,1990,7,28,5,0,MLO,354.7
1629,1990,8,4,5,0,MLO,353.5
1630,1990,8,11,5,0,MLO,353.2
1631,1990,8,18,7,0,MLO,352.9
1632,1990,8,25,5,0,MLO,352.0
1633,1990,9,1,4,0,MLO,350.9
1634,1990,9,8,3,0,MLO,350.7
1635,1990,9,15,6,0,MLO,351.3
1636,1990,9,22,6,0,MLO,350.9
1637,1990,9,29,3,0,MLO,350.9
1638,1990,10,6,2,0,MLO,351.1
1639,1990,10,13,7,0,MLO,351.0
1640,1990,10,20,4,0,MLO,351.4
1641,1990,10,27,3,0,MLO,351.4
1642,1990,11,3,5,0,MLO,352.1
1643,1990,11,10,7,0,MLO,352.6
1644,1990,11,17,6,0,MLO,353.0
1645,1990,11,24,5,0,MLO,353.1
1646,1990,12,1,7,0,MLO,353.6
1647,1990,12,8,6,0,MLO,354.0
1648,1990,12,15,6,0,MLO,353.8
1649,1990,12,22,7,0,MLO,354.5
1650,1990,12,29,6,0,MLO,354.8
1651,1991,1,5,7,0,MLO,354.2
1652,1991,1,12,7,0,MLO,354.7
1653,1991,1,19,6,0,MLO,354.8
1654,1991,1,26,7,0,MLO,355.0
1655,1991,2,2,7,0,MLO,355.2
1656,1991,2,9,6,0,MLO,355.2
1657,1991,2,16,7,0,MLO,356.4
1658,1991,2,23,6,0,MLO,355.8
1659,1991,3,2,7,0,MLO,356.4
1660,1991,3,9,7,0,MLO,357.2
1661,1991,3,16,6,0,MLO,357.6
1662,1991,3,23,7,0,MLO,356.9
1663,1991,3,30,5,0,MLO,357.9
1664,1991,4,6,7,0,MLO,358.3
1665,1991,4,13,7,0,MLO,357.8
1666,1991,4,20,6,0,MLO,359.1
1667,1991,4,27,7,0,MLO,359.2
1668,1991,5,4,7,0,MLO,359.1
1669,1991,5,11,7,0,MLO,358.9
1670,1991,5,18,7,0,MLO,360.0
1671,1991,5,25,7,0,MLO,359.0
1672,1991,6,1,7,0,MLO,358.5
1673,1991,6,8,6,0,MLO,358.4
1674,1991,6,15,6,0,MLO,358.2
1675,1991,6,22,5,0,MLO,358.1
1676,1991,6,29,5,0,MLO,357.7
1677,1991,7,6,6,0,MLO,357.2
1678,1991,7,13,5,0,MLO,356.5
1679,1991,7,20,7,0,MLO,355.2
1680,1991,7,27,5,0,MLO,355.3
1681,1991,8,3,4,0,MLO,354.8
1682,1991,8,10,5,0,MLO,354.6
1683,1991,8,17,5,0,MLO,353.7
1684,1991,8,24,7,0,MLO,353.0
1685,1991,8,31,6,0,MLO,353.2
1686,1991,9,7,4,0,MLO,353.0
1687,1991,9,14,7,0,MLO,352.1
1688,1991,9,21,6,0,MLO,351.8
1689,1991,9,28,5,0,MLO,351.6
1690,1991,10,5,7,0,MLO,351.7
1691,1991,10,12,6,0,MLO,352.1
1692,1991,10,19,6,0,MLO,352.5
1693,1991,10,26,7,0,MLO,352.7
1694,1991,11,2,6,0,MLO,353.4
1695,1991,11,9,7,0,MLO,353.7
1696,1991,11,16,7,0,MLO,353.5
1697,1991,11,23,7,0,MLO,353.8
1698,1991,11,30,7,0,MLO,354.3
1699,1991,12,7,4,0,MLO,354.5
1700,1991,12,14,7,0,MLO,354.9
1701,1991,12,21,6,0,MLO,355.2
1702,1991,12,28,6,0,MLO,355.5
1703,1992,1,4,6,0,MLO,355.6
1704,1992,1,11,7,0,MLO,356.0
1705,1992,1,18,4,0,MLO,356.1
1706,1992,1,25,7,0,MLO,355.9
1707,1992,2,1,5,0,MLO,356.0
1708,1992,2,8,7,0,MLO,356.7
1709,1992,2,15,6,0,MLO,357.3
1710,1992,2,22,4,0,MLO,356.9
1711,1992,2,29,7,0,MLO,356.5
1712,1992,3,7,7,0,MLO,357.3
1713,1992,3,14,5,0,MLO,357.8
1714,1992,3,21,6,0,MLO,358.1
1715,1992,3,28,6,0,MLO,358.4
1716,1992,4,4,7,0,MLO,358.5
1717,1992,4,11,5,0,MLO,358.9
1718,1992,4,18,5,0,MLO,359.7
1719,1992,4,25,6,0,MLO,359.2
1720,1992,5,2,7,0,MLO,359.6
1721,1992,5,9,7,0,MLO,359.7
1722,1992,5,16,7,0,MLO,358.6
1723,1992,5,23,7,0,MLO,359.6
1724,1992,5,30,7,0,MLO,360.2
1725,1992,6,6,7,0,MLO,360.0
1726,1992,6,13,4,0,MLO,359.4
1727,1992,6,20,7,0,MLO,358.7
1728,1992,6,27,7,0,MLO,358.4
1729,1992,7,4,5,0,MLO,358.4
1730,1992,7,11,5,0,MLO,357.2
1731,1992,7,18,5,0,MLO,356.3
1732,1992,7,25,5,0,MLO,356.1
1733,1992,8,1,2,0,MLO,354.9
1734,1992,8,8,6,0,MLO,355.3
1735,1992,8,15,6,0,MLO,355.3
1736,1992,8,22,4,0,MLO,354.5
1737,1992,8,29,3,0,MLO,354.3
1738,1992,9,5,5,0,MLO,353.5
1739,1992,9,12,6,0,MLO,353.6
1740,1992,9,19,7,0,MLO,352.3
1741,1992,9,26,7,0,MLO,352.7
1742,1992,10,3,6,0,MLO,353.6
1743,1992,10,10,5,0,MLO,353.3
1744,1992,10,17,7,0,MLO,353.2
1745,1992,10,24,7,0,MLO,353.5
1746,1992,10,31,7,0,MLO,353.5
1747,1992,11,7,7,0,MLO,353.9
1748,1992,11,14,6,0,MLO,353.8
1749,1992,11,21,7,0,MLO,354.5
1750,1992,11,28,7,0,MLO,354.6
1751,1992,12,5,7,0,MLO,354.8
1752,1992,12,12,7,0,MLO,355.3
1753,1992,12,19,7,0,MLO,355.4
1754,1992,12,26,6,0,MLO,355.9
1755,1993,1,2,6,0,MLO,356.2
1756,1993,1,9,5,0,MLO,356.9
1757,1993,1,16,6,0,MLO,356.7
1758,1993,1,23,6,0,MLO,356.6
1759,1993,1,30,7,0,MLO,357.0
1760,1993,2,6,7,0,MLO,356.6
1761,1993,2,13,7,0,MLO,357.2
1762,1993,2,20,7,0,MLO,357.3
1763,1993,2,27,5,0,MLO,357.6
1764,1993,3,6,6,0,MLO,358.3
1765,1993,3,13,5,0,MLO,358.5
1766,1993,3,20,7,0,MLO,358.1
1767,1993,3,27,4,0,MLO,358.8
1768,1993,4,3,7,0,MLO,359.1
1769,1993,4,10,6,0,MLO,358.8
1770,1993,4,17,7,0,MLO,359.4
1771,1993,4,24,7,0,MLO,360.0
1772,1993,5,1,6,0,MLO,359.6
1773,1993,5,8,7,0,MLO,359.7
1774,1993,5,15,6,0,MLO,360.7
1775,1993,5,22,6,0,MLO,360.6
1776,1993,5,29,7,0,MLO,360.3
1777,1993,6,5,7,0,MLO,359.7
1778,1993,6,12,7,0,MLO,359.9
1779,1993,6,19,7,0,MLO,359.3
1780,1993,6,26,6,0,MLO,359.1
1781,1993,7,3,6,0,MLO,357.9
1782,1993,7,10,7,0,MLO,358.0
1783,1993,7,17,4,0,MLO,358.1
1784,1993,7,24,5,0,MLO,356.6
1785,1993,7,31,5,0,MLO,356.5
1786,1993,8,7,6,0,MLO,355.8
1787,1993,8,14,5,0,MLO,355.9
1788,1993,8,21,4,0,MLO,354.9
1789,1993,8,28,4,0,MLO,354.7
1790,1993,9,4,1,0,MLO,354.3
1791,1993,9,11,6,0,MLO,353.2
1792,1993,9,18,6,0,MLO,353.8
1793,1993,9,25,6,0,MLO,353.8
1794,1993,10,2,5,0,MLO,353.8
1795,1993,10,9,6,0,MLO,353.8
1796,1993,10,16,6,0,MLO,354.0
1797,1993,10,23,6,0,MLO,354.4
1798,1993,10,30,7,0,MLO,354.3
1799,1993,11,6,6,0,MLO,354.7
1800,1993,11,13,7,0,MLO,355.1
1801,1993,11,20,7,0,MLO,355.6
1802,1993,11,27,7,0,MLO,356.0
1803,1993,12,4,6,0,MLO,356.2
1804,1993,12,11,7,0,MLO,356.5
1805,1993,12,18,7,0,MLO,356.9
1806,1993,12,25,2,0,MLO,357.5
1807,1994,1,1,6,0,MLO,358.1
1808,1994,1,8,6,0,MLO,358.1
1809,1994,1,15,7,0,MLO,358.4
1810,1994,1,22,7,0,MLO,358.3
1811,1994,1,29,7,0,MLO,358.7
1812,1994,2,5,5,0,MLO,358.4
1813,1994,2,12,6,0,MLO,358.6
1814,1994,2,19,7,0,MLO,359.0
1815,1994,2,26,5,0,MLO,359.6
1816,1994,3,5,6,0,MLO,358.7
1817,1994,3,12,7,0,MLO,359.8
1818,1994,3,19,7,0,MLO,360.4
1819,1994,3,26,6,0,MLO,360.8
1820,1994,4,2,7,0,MLO,360.6
1821,1994,4,9,7,0,MLO,361.0
1822,1994,4,16,7,0,MLO,361.0
1823,1994,4,23,5,0,MLO,361.3
1824,1994,4,30,6,0,MLO,362.2
1825,1994,5,7,5,0,MLO,361.6
1826,1994,5,14,6,0,MLO,361.4
1827,1994,5,21,2,0,MLO,361.7
1828,1994,5,28,4,0,MLO,361.9
1829,1994,6,4,6,0,MLO,361.0
1830,1994,6,11,6,0,MLO,361.0
1831,1994,6,18,6,0,MLO,360.9
1832,1994,6,25,6,0,MLO,360.7
1833,1994,7,2,6,0,MLO,360.2
1834,1994,7,9,7,0,MLO,359.9
1835,1994,7,16,7,0,MLO,359.4
1836,1994,7,23,7,0,MLO,359.0
1837,1994,7,30,5,0,MLO,358.8
1838,1994,8,6,6,0,MLO,358.1
1839,1994,8,13,1,0,MLO,357.5
1840,1994,8,20,4,0,MLO,357.6
1841,1994,8,27,6,0,MLO,356.3
1842,1994,9,3,7,0,MLO,356.4
1843,1994,9,10,6,0,MLO,356.4
1844,1994,9,17,7,0,MLO,355.4
1845,1994,9,24,7,0,MLO,355.5
1846,1994,10,1,7,0,MLO,355.4
1847,1994,10,8,7,0,MLO,355.8
1848,1994,10,15,7,0,MLO,356.0
1849,1994,10,22,7,0,MLO,356.3
1850,1994,10,29,7,0,MLO,356.6
1851,1994,11,5,7,0,MLO,356.9
1852,1994,11,12,5,0,MLO,357.4
1853,1994,11,19,7,0,MLO,357.9
1854,1994,11,26,7,0,MLO,358.1
1855,1994,12,3,7,0,MLO,358.4
1856,1994,12,10,7,0,MLO,359.1
1857,1994,12,17,7,0,MLO,359.2
1858,1994,12,24,7,0,MLO,359.1
1859,1994,12,31,7,0,MLO,359.5
1860,1995,1,7,4,0,MLO,359.6
1861,1995,1,14,7,0,MLO,360.2
1862,1995,1,21,6,0,MLO,360.1
1863,1995,1,28,7,0,MLO,360.0
1864,1995,2,4,6,0,MLO,360.6
1865,1995,2,11,6,0,MLO,361.0
1866,1995,2,18,7,0,MLO,360.8
1867,1995,2,25,7,0,MLO,361.3
1868,1995,3,4,6,0,MLO,362.2
1869,1995,3,11,7,0,MLO,361.2
1870,1995,3,18,5,0,MLO,360.9
1871,1995,3,25,5,0,MLO,362.0
1872,1995,4,1,7,0,MLO,363.8
1873,1995,4,8,7,0,MLO,363.4
1874,1995,4,15,7,0,MLO,363.3
1875,1995,4,22,7,0,MLO,362.8
1876,1995,4,29,6,0,MLO,363.5
1877,1995,5,6,7,0,MLO,363.2
1878,1995,5,13,7,0,MLO,364.1
1879,1995,5,20,7,0,MLO,364.1
1880,1995,5,27,7,0,MLO,363.4
1881,1995,6,3,6,0,MLO,363.9
1882,1995,6,10,7,0,MLO,363.4
1883,1995,6,17,6,0,MLO,362.9
1884,1995,6,24,7,0,MLO,362.8
1885,1995,7,1,6,0,MLO,362.5
1886,1995,7,8,5,0,MLO,362.2
1887,1995,7,15,6,0,MLO,361.9
1888,1995,7,22,6,0,MLO,361.5
1889,1995,7,29,7,0,MLO,360.9
1890,1995,8,5,7,0,MLO,360.4
1891,1995,8,12,5,0,MLO,359.2
1892,1995,8,19,7,0,MLO,358.7
1893,1995,8,26,6,0,MLO,359.2
1894,1995,9,2,4,0,MLO,357.3
1895,1995,9,9,7,0,MLO,358.5
1896,1995,9,16,6,0,MLO,358.5
1897,1995,9,23,6,0,MLO,358.2
1898,1995,9,30,7,0,MLO,357.5
1899,1995,10,7,7,0,MLO,357.6
1900,1995,10,14,7,0,MLO,357.6
1901,1995,10,21,7,0,MLO,358.0
1902,1995,10,28,6,0,MLO,358.2
1903,1995,11,4,6,0,MLO,359.1
1904,1995,11,11,6,0,MLO,359.4
1905,1995,11,18,7,0,MLO,359.6
1906,1995,11,25,7,0,MLO,359.8
1907,1995,12,2,7,0,MLO,360.1
1908,1995,12,9,7,0,MLO,360.4
1909,1995,12,16,7,0,MLO,360.5
1910,1995,12,23,6,0,MLO,360.8
1911,1995,12,30,5,0,MLO,361.7
1912,1996,1,6,7,0,MLO,361.8
1913,1996,1,13,7,0,MLO,362.0
1914,1996,1,20,7,0,MLO,362.1
1915,1996,1,27,4,0,MLO,362.2
1916,1996,2,3,7,0,MLO,362.6
1917,1996,2,10,7,0,MLO,363.1
1918,1996,2,17,7,0,MLO,363.0
1919,1996,2,24,7,0,MLO,364.0
1920,1996,3,2,6,0,MLO,363.8
1921,1996,3,9,7,0,MLO,363.6
1922,1996,3,16,7,0,MLO,364.1
1923,1996,3,23,6,0,MLO,364.5
1924,1996,3,30,7,0,MLO,364.3
1925,1996,4,6,7,0,MLO,364.5
1926,1996,4,13,7,0,MLO,364.8
1927,1996,4,20,7,0,MLO,364.4
1928,1996,4,27,7,0,MLO,365.1
1929,1996,5,4,7,0,MLO,364.9
1930,1996,5,11,6,0,MLO,365.3
1931,1996,5,18,7,0,MLO,365.7
1932,1996,5,25,7,0,MLO,365.4
1933,1996,6,1,7,0,MLO,364.8
1934,1996,6,8,5,0,MLO,365.1
1935,1996,6,15,7,0,MLO,365.2
1936,1996,6,22,7,0,MLO,365.0
1937,1996,6,29,7,0,MLO,364.3
1938,1996,7,6,7,0,MLO,364.1
1939,1996,7,13,7,0,MLO,363.7
1940,1996,7,20,7,0,MLO,363.3
1941,1996,7,27,7,0,MLO,362.8
1942,1996,8,3,7,0,MLO,361.7
1943,1996,8,10,6,0,MLO,362.1
1944,1996,8,17,7,0,MLO,361.2
1945,1996,8,24,7,0,MLO,360.8
1946,1996,8,31,7,0,MLO,360.8
1947,1996,9,7,4,0,MLO,359.8
1948,1996,9,14,6,0,MLO,359.8
1949,1996,9,21,7,0,MLO,359.0
1950,1996,9,28,6,0,MLO,359.0
1951,1996,10,5,7,0,MLO,359.4
1952,1996,10,12,5,0,MLO,359.5
1953,1996,10,19,4,0,MLO,359.8
1954,1996,10,26,6,0,MLO,359.8
1955,1996,11,2,4,0,MLO,359.9
1956,1996,11,9,7,0,MLO,360.5
1957,1996,11,16,5,0,MLO,360.7
1958,1996,11,23,7,0,MLO,361.2
1959,1996,11,30,4,0,MLO,361.4
1960,1996,12,7,6,0,MLO,361.9
1961,1996,12,14,5,0,MLO,362.6
1962,1996,12,21,7,0,MLO,362.4
1963,1996,12,28,7,0,MLO,362.6
1964,1997,1,4,7,0,MLO,362.9
1965,1997,1,11,7,0,MLO,363.0
1966,1997,1,18,5,0,MLO,363.1
1967,1997,1,25,7,0,MLO,363.5
1968,1997,2,1,7,0,MLO,363.2
1969,1997,2,8,6,0,MLO,364.1
1970,1997,2,15,6,0,MLO,364.0
1971,1997,2,22,5,0,MLO,364.2
1972,1997,3,1,4,0,MLO,364.5
1973,1997,3,8,4,0,MLO,364.1
1974,1997,3,15,7,0,MLO,364.1
1975,1997,3,22,6,0,MLO,364.7
1976,1997,3,29,7,0,MLO,365.4
1977,1997,4,5,7,0,MLO,365.8
1978,1997,4,12,6,0,MLO,366.2
1979,1997,4,19,3,0,MLO,366.6
1980,1997,4,26,6,0,MLO,366.7
1981,1997,5,3,7,0,MLO,366.7
1982,1997,5,10,7,0,MLO,366.8
1983,1997,5,17,7,0,MLO,367.0
1984,1997,5,24,6,0,MLO,366.6
1985,1997,5,31,6,0,MLO,366.3
1986,1997,6,7,7,0,MLO,365.7
1987,1997,6,14,5,0,MLO,365.6
1988,1997,6,21,7,0,MLO,365.5
1989,1997,6,28,6,0,MLO,365.1
1990,1997,7,5,7,0,MLO,365.0
1991,1997,7,12,7,0,MLO,364.6
1992,1997,7,19,6,0,MLO,364.1
1993,1997,7,26,7,0,MLO,363.8
1994,1997,8,2,5,0,MLO,363.3
1995,1997,8,9,4,0,MLO,363.3
1996,1997,8,16,4,0,MLO,362.6
1997,1997,8,23,7,0,MLO,361.5
1998,1997,8,30,6,0,MLO,361.6
1999,1997,9,6,7,0,MLO,360.6
2000,1997,9,13,7,0,MLO,360.2
2001,1997,9,20,7,0,MLO,360.0
2002,1997,9,27,7,0,MLO,359.8
2003,1997,10,4,7,0,MLO,360.5
2004,1997,10,11,7,0,MLO,360.4
2005,1997,10,18,7,0,MLO,361.0
2006,1997,10,25,6,0,MLO,361.1
2007,1997,11,1,7,0,MLO,361.7
2008,1997,11,8,7,0,MLO,362.1
2009,1997,11,15,7,0,MLO,362.0
2010,1997,11,22,6,0,MLO,362.6
2011,1997,11,29,7,0,MLO,363.5
2012,1997,12,6,7,0,MLO,363.9
2013,1997,12,13,6,0,MLO,363.9
2014,1997,12,20,7,0,MLO,364.2
2015,1997,12,27,7,0,MLO,365.0
2016,1998,1,3,6,0,MLO,365.2
2017,1998,1,10,7,0,MLO,365.3
2018,1998,1,17,7,0,MLO,365.3
2019,1998,1,24,7,0,MLO,365.3
2020,1998,1,31,7,0,MLO,365.6
2021,1998,2,7,7,0,MLO,366.0
2022,1998,2,14,7,0,MLO,365.5
2023,1998,2,21,3,0,MLO,366.0
2024,1998,2,28,5,0,MLO,367.3
2025,1998,3,7,7,0,MLO,367.0
2026,1998,3,14,7,0,MLO,366.6
2027,1998,3,21,7,0,MLO,367.4
2028,1998,3,28,7,0,MLO,368.5
2029,1998,4,4,7,0,MLO,368.6
2030,1998,4,11,6,0,MLO,368.6
2031,1998,4,18,7,0,MLO,368.0
2032,1998,4,25,7,0,MLO,368.9
2033,1998,5,2,6,0,MLO,369.1
2034,1998,5,9,4,0,MLO,368.8
2035,1998,5,16,6,0,MLO,368.5
2036,1998,5,23,7,0,MLO,369.6
2037,1998,5,30,7,0,MLO,369.7
2038,1998,6,6,6,0,MLO,369.4
2039,1998,6,13,7,0,MLO,368.8
2040,1998,6,20,6,0,MLO,368.5
2041,1998,6,27,6,0,MLO,368.3
2042,1998,7,4,6,0,MLO,368.0
2043,1998,7,11,7,0,MLO,367.5
2044,1998,7,18,5,0,MLO,367.6
2045,1998,7,25,7,0,MLO,367.3
2046,1998,8,1,7,0,MLO,366.8
2047,1998,8,8,6,0,MLO,366.4
2048,1998,8,15,6,0,MLO,365.6
2049,1998,8,22,3,0,MLO,365.6
2050,1998,8,29,4,0,MLO,364.2
2051,1998,9,5,7,0,MLO,364.7
2052,1998,9,12,7,0,MLO,363.9
2053,1998,9,19,7,0,MLO,363.5
2054,1998,9,26,7,0,MLO,363.6
2055,1998,10,3,7,0,MLO,364.0
2056,1998,10,10,7,0,MLO,364.1
2057,1998,10,17,7,0,MLO,364.4
2058,1998,10,24,7,0,MLO,364.4
2059,1998,10,31,6,0,MLO,364.7
2060,1998,11,7,7,0,MLO,365.0
2061,1998,11,14,7,0,MLO,365.4
2062,1998,11,21,7,0,MLO,365.8
2063,1998,11,28,7,0,MLO,366.0
2064,1998,12,5,7,0,MLO,366.4
2065,1998,12,12,6,0,MLO,366.7
2066,1998,12,19,7,0,MLO,367.3
2067,1998,12,26,7,0,MLO,367.3
2068,1999,1,2,7,0,MLO,367.5
2069,1999,1,9,7,0,MLO,367.8
2070,1999,1,16,7,0,MLO,367.8
2071,1999,1,23,7,0,MLO,368.3
2072,1999,1,30,7,0,MLO,369.2
2073,1999,2,6,7,0,MLO,369.1
2074,1999,2,13,7,0,MLO,368.8
2075,1999,2,20,7,0,MLO,369.0
2076,1999,2,27,7,0,MLO,368.5
2077,1999,3,6,7,0,MLO,368.1
2078,1999,3,13,7,0,MLO,369.5
2079,1999,3,20,7,0,MLO,370.2
2080,1999,3,27,7,0,MLO,370.6
2081,1999,4,3,7,0,MLO,371.1
2082,1999,4,10,7,0,MLO,371.5
2083,1999,4,17,7,0,MLO,371.0
2084,1999,4,24,6,0,MLO,370.3
2085,1999,5,1,6,0,MLO,370.8
2086,1999,5,8,7,0,MLO,371.3
2087,1999,5,15,6,0,MLO,371.0
2088,1999,5,22,4,0,MLO,370.8
2089,1999,5,29,6,0,MLO,370.3
2090,1999,6,5,6,0,MLO,370.9
2091,1999,6,12,7,0,MLO,370.3
2092,1999,6,19,7,0,MLO,369.9
2093,1999,6,26,7,0,MLO,369.9
2094,1999,7,3,5,0,MLO,369.4
2095,1999,7,10,7,0,MLO,370.1
2096,1999,7,17,7,0,MLO,369.5
2097,1999,7,24,6,0,MLO,368.6
2098,1999,7,31,6,0,MLO,367.4
2099,1999,8,7,7,0,MLO,367.6
2100,1999,8,14,6,0,MLO,366.7
2101,1999,8,21,7,0,MLO,366.4
2102,1999,8,28,7,0,MLO,366.1
2103,1999,9,4,7,0,MLO,364.1
2104,1999,9,11,7,0,MLO,364.7
2105,1999,9,18,6,0,MLO,365.2
2106,1999,9,25,7,0,MLO,364.7
2107,1999,10,2,7,0,MLO,364.5
2108,1999,10,9,6,0,MLO,365.0
2109,1999,10,16,7,0,MLO,364.9
2110,1999,10,23,7,0,MLO,365.6
2111,1999,10,30,7,0,MLO,365.7
2112,1999,11,6,7,0,MLO,366.2
2113,1999,11,13,7,0,MLO,366.7
2114,1999,11,20,5,0,MLO,366.6
2115,1999,11,27,7,0,MLO,367.1
2116,1999,12,4,7,0,MLO,367.4
2117,1999,12,11,7,0,MLO,368.0
2118,1999,12,18,7,0,MLO,368.0
2119,1999,12,25,7,0,MLO,368.2
2120,2000,1,1,7,0,MLO,368.6
2121,2000,1,8,7,0,MLO,368.5
2122,2000,1,15,6,0,MLO,369.0
2123,2000,1,22,5,0,MLO,369.8
2124,2000,1,29,6,0,MLO,369.2
2125,2000,2,5,5,0,MLO,369.1
2126,2000,2,12,7,0,MLO,369.6
2127,2000,2,19,7,0,MLO,369.3
2128,2000,2,26,7,0,MLO,369.5
2129,2000,3,4,6,0,MLO,370.0
2130,2000,3,11,7,0,MLO,370.0
2131,2000,3,18,7,0,MLO,370.9
2132,2000,3,25,7,0,MLO,370.7
2133,2000,4,1,7,0,MLO,370.9
2134,2000,4,8,6,0,MLO,371.7
2135,2000,4,15,6,0,MLO,371.8
2136,2000,4,22,7,0,MLO,372.0
2137,2000,4,29,7,0,MLO,371.3
2138,2000,5,6,7,0,MLO,371.2
2139,2000,5,13,7,0,MLO,371.7
2140,2000,5,20,7,0,MLO,371.9
2141,2000,5,27,7,0,MLO,371.8
2142,2000,6,3,6,0,MLO,371.9
2143,2000,6,10,7,0,MLO,371.6
2144,2000,6,17,7,0,MLO,371.7
2145,2000,6,24,4,0,MLO,371.3
2146,2000,7,1,7,0,MLO,370.8
2147,2000,7,8,6,0,MLO,370.0
2148,2000,7,15,7,0,MLO,370.2
2149,2000,7,22,7,0,MLO,369.7
2150,2000,7,29,6,0,MLO,369.0
2151,2000,8,5,6,0,MLO,368.7
2152,2000,8,12,7,0,MLO,368.3
2153,2000,8,19,5,0,MLO,367.7
2154,2000,8,26,6,0,MLO,367.1
2155,2000,9,2,7,0,MLO,367.2
2156,2000,9,9,4,0,MLO,366.7
2157,2000,9,16,4,0,MLO,366.2
2158,2000,9,23,7,0,MLO,366.2
2159,2000,9,30,7,0,MLO,366.4
2160,2000,10,7,7,0,MLO,366.3
2161,2000,10,14,7,0,MLO,366.6
2162,2000,10,21,7,0,MLO,366.7
2163,2000,10,28,7,0,MLO,367.3
2164,2000,11,4,6,0,MLO,367.6
2165,2000,11,11,7,0,MLO,368.0
2166,2000,11,18,7,0,MLO,368.6
2167,2000,11,25,7,0,MLO,368.3
2168,2000,12,2,5,0,MLO,369.0
2169,2000,12,9,6,0,MLO,369.6
2170,2000,12,16,6,0,MLO,369.3
2171,2000,12,23,7,0,MLO,369.5
2172,2000,12,30,7,0,MLO,369.8
2173,2001,1,6,6,0,MLO,369.8
2174,2001,1,13,4,0,MLO,370.2
2175,2001,1,20,7,0,MLO,369.9
2176,2001,1,27,7,0,MLO,370.8
2177,2001,2,3,6,0,MLO,371.3
2178,2001,2,10,7,0,MLO,371.1
2179,2001,2,17,7,0,MLO,371.7
2180,2001,2,24,7,0,MLO,371.2
2181,2001,3,3,6,0,MLO,372.2
2182,2001,3,10,7,0,MLO,372.2
2183,2001,3,17,6,0,MLO,372.1
2184,2001,3,24,6,0,MLO,371.8
2185,2001,3,31,6,0,MLO,372.0
2186,2001,4,7,7,0,MLO,372.7
2187,2001,4,14,7,0,MLO,372.7
2188,2001,4,21,7,0,MLO,373.0
2189,2001,4,28,7,0,MLO,372.7
2190,2001,5,5,5,0,MLO,373.7
2191,2001,5,12,7,0,MLO,373.9
2192,2001,5,19,5,0,MLO,373.7
2193,2001,5,26,7,0,MLO,373.9
2194,2001,6,2,6,0,MLO,373.8
2195,2001,6,9,7,0,MLO,373.1
2196,2001,6,16,7,0,MLO,372.8
2197,2001,6,23,7,0,MLO,372.9
2198,2001,6,30,6,0,MLO,372.7
2199,2001,7,7,4,0,MLO,372.1
2200,2001,7,14,7,0,MLO,371.3
2201,2001,7,21,4,0,MLO,371.2
2202,2001,7,28,6,0,MLO,370.6
2203,2001,8,4,6,0,MLO,369.9
2204,2001,8,11,7,0,MLO,369.5
2205,2001,8,18,6,0,MLO,369.3
2206,2001,8,25,7,0,MLO,369.0
2207,2001,9,1,6,0,MLO,368.4
2208,2001,9,8,7,0,MLO,368.2
2209,2001,9,15,7,0,MLO,368.0
2210,2001,9,22,7,0,MLO,367.4
2211,2001,9,29,7,0,MLO,367.4
2212,2001,10,6,7,0,MLO,367.8
2213,2001,10,13,7,0,MLO,367.6
2214,2001,10,20,7,0,MLO,368.1
2215,2001,10,27,6,0,MLO,368.7
2216,2001,11,3,7,0,MLO,368.7
2217,2001,11,10,3,0,MLO,368.8
2218,2001,11,17,7,0,MLO,369.7
2219,2001,11,24,7,0,MLO,370.3
2220,2001,12,1,7,0,MLO,370.3
2221,2001,12,8,7,0,MLO,370.8
2222,2001,12,15,7,0,MLO,371.2
2223,2001,12,22,6,0,MLO,371.3
2224,2001,12,29,6,0,MLO,371.5
